Date,DateTime,idx,Day,Hour,Weekday,Week,Month,PT08.S1(CO),PT08.S2(NMHC),PT08.S3(NOx),PT08.S4(NO2),PT08.S5(O3),CO(GT),C6H6(GT),NOx(GT),NO2(GT),T,RH,AH,ewma
2004-03-10,2004-03-10 23:00:00,5,10,23,3,11,3,1402.0,1046.0,1337.0,1692.0,1268.0,2.6,11.9,172.0,122.0,13.6,60.0,0.7888,1692.0
2004-03-11,2004-03-11 23:00:00,29,11,23,4,11,3,1776.0,1488.0,1918.0,2333.0,1704.0,6.9,27.4,383.0,172.0,11.3,81.1,0.8778,2205.187327700794
2004-03-12,2004-03-12 23:00:00,53,12,23,5,11,3,1843.0,1610.0,1895.0,2390.0,1887.0,6.6,32.6,340.0,170.0,16.9,65.9,0.7771,2205.668103575666
2004-03-13,2004-03-13 23:00:00,77,13,23,6,11,3,1621.0,1286.0,1420.0,1922.0,1886.0,4.2,19.6,296.0,165.0,19.4,71.9,0.8193,1894.2121148345532
2004-03-14,2004-03-14 23:00:00,101,14,23,7,11,3,1898.0,1381.0,1395.0,2103.0,1905.0,5.9,23.1,325.0,173.0,22.2,67.6,0.9341,2029.626479203988
2004-03-15,2004-03-15 23:00:00,125,15,23,1,12,3,2040.0,1754.0,1156.0,2679.0,2184.0,8.1,39.2,478.0,187.0,24.4,70.5,1.0945,2527.856810744779
2004-03-16,2004-03-16 23:00:00,149,16,23,2,12,3,1800.0,1431.0,1412.0,2211.0,2034.0,5.3,25.1,396.0,177.0,28.2,68.5,1.0494,2124.0753371568167
2004-03-17,2004-03-17 23:00:00,173,17,23,3,12,3,1975.0,1737.0,1460.0,2535.0,2359.0,7.6,38.4,411.0,194.0,29.3,65.2,0.9294,2351.8576164769447
2004-03-18,2004-03-18 23:00:00,197,18,23,4,12,3,1934.0,1682.0,1293.0,2468.0,2051.0,6.6,35.8,421.0,176.0,27.1,64.2,0.9606,2274.7904495247303
2004-03-19,2004-03-19 23:00:00,221,19,23,5,12,3,1819.0,1582.0,1620.0,2456.0,1716.0,6.2,31.3,357.0,166.0,16.4,71.1,1.0029,2276.195503665646
2004-03-20,2004-03-20 23:00:00,245,20,23,6,12,3,1633.0,1199.0,1317.0,1919.0,1442.0,3.9,16.6,229.0,139.0,19.5,59.0,1.0356,1874.5093435604115
2004-03-21,2004-03-21 23:00:00,269,21,23,7,12,3,1605.0,1153.0,1300.0,1874.0,1637.0,4.3,15.1,266.0,144.0,21.4,66.2,1.0868,1811.7933059851143
2004-03-22,2004-03-22 23:00:00,293,22,23,1,13,3,1514.0,1325.0,1813.0,1996.0,1401.0,4.5,21.0,238.0,146.0,21.3,60.5,1.0919,1954.8763190750851
2004-03-23,2004-03-23 23:00:00,317,23,23,2,13,3,1498.0,1325.0,1908.0,2095.0,1329.0,3.8,21.0,244.0,132.0,16.0,80.5,0.9483,1955.9599459308554
2004-03-24,2004-03-24 23:00:00,341,24,23,3,13,3,1597.0,1395.0,1572.0,2080.0,1519.0,4.5,23.7,247.0,136.0,16.9,81.1,0.972,1916.3336308370224
2004-03-25,2004-03-25 23:00:00,365,25,23,4,13,3,1443.0,1418.0,1935.0,2060.0,1488.0,5.2,24.6,253.0,141.0,17.7,83.2,0.8695,1965.197378923977
2004-03-26,2004-03-26 23:00:00,389,26,23,5,13,3,1408.0,1278.0,1449.0,1928.0,1481.0,3.8,19.3,275.0,121.0,19.2,72.4,0.7711,1847.714461371616
2004-03-27,2004-03-27 23:00:00,413,27,23,6,13,3,1306.0,1079.0,1417.0,1633.0,1286.0,3.0,12.9,196.0,133.0,19.1,66.6,0.7326,1622.114871018823
2004-03-28,2004-03-28 23:00:00,437,28,23,7,13,3,1293.0,958.0,1325.0,1514.0,1200.0,2.3,9.5,133.0,103.0,21.3,68.0,0.7294,1503.4647906014636
2004-03-29,2004-03-29 23:00:00,461,29,23,1,14,3,1326.0,1289.0,1643.0,1806.0,1431.0,4.1,19.7,259.0,134.0,18.2,56.8,0.6341,1713.267500797742
2004-03-30,2004-03-30 23:00:00,485,30,23,2,14,3,1584.0,1399.0,1468.0,1947.0,1689.0,4.7,23.8,320.0,159.0,22.4,46.1,0.7833,1857.9592852743187
2004-03-31,2004-03-31 23:00:00,509,31,23,3,14,3,1636.0,1295.0,1699.0,1957.0,1489.0,4.1,19.9,230.0,125.0,15.7,78.1,1.0746,1868.7415021366996
2004-04-01,2004-04-01 23:00:00,533,1,23,4,14,4,1722.0,1595.0,1237.0,2439.0,1798.0,6.2,31.9,378.0,164.0,23.6,73.1,0.8892,2224.5499211447145
2004-04-02,2004-04-02 23:00:00,557,2,23,5,14,4,1693.0,1439.0,1197.0,2083.0,1723.0,5.5,25.4,271.0,168.0,27.6,73.7,1.0254,2051.473338608954
2004-04-03,2004-04-03 23:00:00,581,3,23,6,14,4,1697.0,1471.0,1145.0,2153.0,1548.0,3.1,26.7,211.0,106.0,25.8,61.7,1.0912,2024.5813699701184
2004-04-04,2004-04-04 23:00:00,605,4,23,7,14,4,1420.0,1085.0,1171.0,1756.0,1057.0,,13.0,,,26.1,69.1,1.085,1715.795559811049
2004-04-05,2004-04-05 23:00:00,629,5,23,1,15,4,1631.0,1449.0,1536.0,2299.0,1615.0,4.1,25.8,236.0,132.0,22.2,65.3,1.0717,2096.650689851153
2004-04-06,2004-04-06 23:00:00,653,6,23,2,15,4,1757.0,1636.0,1357.0,2560.0,1806.0,6.2,33.7,329.0,134.0,20.9,61.6,1.0408,2368.919052920537
2004-04-07,2004-04-07 23:00:00,677,7,23,3,15,4,1307.0,1171.0,1826.0,1821.0,1033.0,3.3,15.7,185.0,129.0,18.1,76.4,0.9953,1754.7667654020652
2004-04-08,2004-04-08 23:00:00,701,8,23,4,15,4,1618.0,1530.0,1366.0,2189.0,1791.0,6.3,29.1,326.0,171.0,21.5,80.6,0.8825,2071.20318455395
2004-04-09,2004-04-09 23:00:00,725,9,23,5,15,4,1176.0,917.0,866.0,1560.0,1151.0,4.3,8.4,294.0,139.0,12.0,67.9,0.9523,1559.999999999817
2004-04-10,2004-04-10 23:00:00,749,10,23,6,15,4,1247.0,1037.0,1163.0,1663.0,1219.0,2.9,11.6,187.0,133.0,22.1,73.4,0.9503,1626.0593415526348
2004-04-11,2004-04-11 23:00:00,773,11,23,7,15,4,1153.0,945.0,1452.0,1425.0,913.0,2.6,9.2,161.0,118.0,22.7,71.0,0.7531,1415.4374667950046
2004-04-12,2004-04-12 23:00:00,797,12,23,1,16,4,1115.0,776.0,1923.0,1384.0,697.0,1.8,5.2,127.0,93.0,14.6,70.5,0.9173,1357.8442317245788
2004-04-13,2004-04-13 23:00:00,821,13,23,2,16,4,1496.0,1354.0,1581.0,2057.0,1579.0,5.0,22.1,328.0,144.0,16.6,68.7,0.851,1979.708283926275
2004-04-14,2004-04-14 23:00:00,845,14,23,3,16,4,1529.0,1497.0,1349.0,2278.0,1641.0,5.0,27.7,275.0,119.0,21.4,65.8,0.8453,2108.3410029601496
2004-04-15,2004-04-15 23:00:00,869,15,23,4,16,4,1875.0,1637.0,1416.0,2446.0,2086.0,7.3,33.7,351.0,158.0,21.5,67.4,1.013,2350.182502332579
2004-04-16,2004-04-16 23:00:00,893,16,23,5,16,4,1689.0,1474.0,1159.0,2298.0,1600.0,6.4,26.8,352.0,149.0,19.2,81.0,1.2654,2227.873817871587
2004-04-17,2004-04-17 23:00:00,917,17,23,6,16,4,1297.0,1003.0,1158.0,1706.0,1177.0,2.6,10.7,169.0,100.0,19.7,82.4,1.2348,1679.022209418029
2004-04-18,2004-04-18 23:00:00,941,18,23,7,16,4,1342.0,1102.0,1309.0,1824.0,1156.0,,13.5,,,17.5,77.2,1.2695,1753.2041487212218
2004-04-19,2004-04-19 23:00:00,965,19,23,1,17,4,1399.0,1260.0,1275.0,1976.0,1308.0,,18.7,,,19.5,80.5,1.1716,1927.4433368923042
2004-04-20,2004-04-20 23:00:00,989,20,23,2,17,4,1565.0,1549.0,1587.0,2396.0,1645.0,,29.9,,,25.9,80.2,1.0679,2228.4291549191194
2004-04-21,2004-04-21 23:00:00,1013,21,23,3,17,4,1726.0,1776.0,1301.0,2684.0,1940.0,,40.3,,,27.3,71.8,0.9855,2459.2074433625016
2004-04-22,2004-04-22 23:00:00,1037,22,23,4,17,4,1538.0,1664.0,1295.0,2238.0,1775.0,,35.0,,,31.3,64.1,0.9828,2158.145969924525
2004-04-23,2004-04-23 23:00:00,1061,23,23,5,17,4,1747.0,1608.0,1213.0,2417.0,1983.0,5.6,32.5,358.0,196.0,30.0,58.0,1.0333,2258.220168755141
2004-04-24,2004-04-24 23:00:00,1085,24,23,6,17,4,1567.0,1280.0,1157.0,1970.0,1502.0,3.5,19.4,188.0,134.0,27.5,79.7,1.2953,1918.537847893584
2004-04-25,2004-04-25 23:00:00,1109,25,23,7,17,4,1169.0,1083.0,1783.0,1654.0,955.0,2.8,13.0,133.0,101.0,20.2,66.8,0.9455,1553.2124081749434
2004-04-26,2004-04-26 23:00:00,1133,26,23,1,18,4,1181.0,1114.0,1826.0,1685.0,1032.0,3.2,13.9,147.0,119.0,20.7,45.5,0.7602,1640.404473255303
2004-04-27,2004-04-27 23:00:00,1157,27,23,2,18,4,1518.0,1398.0,1424.0,2101.0,1703.0,4.6,23.8,314.0,137.0,28.2,53.1,0.884,2000.3573843787146
2004-04-28,2004-04-28 23:00:00,1181,28,23,3,18,4,1724.0,1560.0,1209.0,2396.0,2108.0,5.5,30.4,322.0,162.0,28.4,60.7,1.1746,2201.7320198740413
2004-04-29,2004-04-29 23:00:00,1205,29,23,4,18,4,1771.0,1690.0,1168.0,2572.0,2006.0,7.2,36.2,368.0,146.0,25.6,70.7,1.3554,2422.573202376193
2004-04-30,2004-04-30 23:00:00,1229,30,23,5,18,4,1626.0,1476.0,1009.0,2356.0,1786.0,5.7,26.9,281.0,135.0,22.7,78.6,1.4852,2286.24162804508
2004-05-01,2004-05-01 23:00:00,1253,1,23,6,18,5,1425.0,1155.0,1205.0,1936.0,1789.0,4.0,15.2,195.0,131.0,26.1,73.1,1.3459999999999999,1924.2725992923667
2004-05-02,2004-05-02 23:00:00,1277,2,23,7,18,5,1394.0,1111.0,1212.0,1853.0,1288.0,3.3,13.8,209.0,123.0,25.9,70.2,1.2632,1793.5037694044404
2004-05-03,2004-05-03 23:00:00,1301,3,23,1,19,5,1597.0,1466.0,1284.0,2400.0,1687.0,4.7,26.5,320.0,130.0,30.9,68.9,1.4028,2266.5921758036293
2004-05-04,2004-05-04 23:00:00,1325,4,23,2,19,5,1564.0,1379.0,1335.0,2306.0,1413.0,5.4,23.0,302.0,132.0,21.5,81.0,1.4681,2209.2749662210517
2004-05-05,2004-05-05 23:00:00,1349,5,23,3,19,5,1449.0,1350.0,1480.0,2264.0,1452.0,3.9,22.0,255.0,125.0,19.0,79.8,1.3379,2169.1439512397565
2004-05-06,2004-05-06 23:00:00,1373,6,23,4,19,5,1272.0,1304.0,1635.0,2029.0,1315.0,3.6,20.3,239.0,139.0,20.2,78.3,1.1154,1957.6308883997408
2004-05-07,2004-05-07 23:00:00,1397,7,23,5,19,5,1247.0,1355.0,1269.0,2095.0,1266.0,4.3,22.1,224.0,133.0,21.2,70.4,1.0794,2012.9052943432598
2004-05-08,2004-05-08 23:00:00,1421,8,23,6,19,5,1215.0,1209.0,1544.0,1829.0,1237.0,2.2,17.0,102.0,85.0,20.0,85.2,1.1703,1771.2895252567905
2004-05-09,2004-05-09 23:00:00,1445,9,23,7,19,5,1132.0,985.0,1266.0,1625.0,1087.0,,10.2,,,19.3,73.8,1.1577,1607.8670733997517
2004-05-10,2004-05-10 23:00:00,1469,10,23,1,20,5,1632.0,1668.0,1462.0,2617.0,1749.0,4.4,35.2,257.0,135.0,25.2,67.4,1.0392,2468.271567978374
2004-05-11,2004-05-11 23:00:00,1493,11,23,2,20,5,1650.0,1649.0,1366.0,2423.0,1822.0,6.3,34.3,383.0,163.0,26.5,70.5,1.2072,2296.7836263115955
2004-05-12,2004-05-12 23:00:00,1517,12,23,3,20,5,1754.0,1716.0,1132.0,2667.0,1895.0,5.9,37.4,336.0,131.0,21.9,68.3,1.325,2440.095528929045
2004-05-13,2004-05-13 23:00:00,1541,13,23,4,20,5,1428.0,1368.0,1554.0,2102.0,1602.0,4.6,22.6,264.0,148.0,20.3,59.3,1.1486,2087.5324109700973
2004-05-14,2004-05-14 23:00:00,1565,14,23,5,20,5,1512.0,1530.0,978.0,2326.0,1725.0,4.5,29.1,272.0,164.0,28.4,59.9,1.1298,2194.518510111962
2004-05-15,2004-05-15 23:00:00,1589,15,23,6,20,5,1284.0,1174.0,1171.0,1774.0,1486.0,3.3,15.8,234.0,149.0,28.2,51.4,0.8807,1730.5074850789663
2004-05-16,2004-05-16 23:00:00,1613,16,23,7,20,5,1403.0,1151.0,1326.0,1820.0,1205.0,2.7,15.1,147.0,125.0,31.5,51.4,1.1995,1752.2084075900987
2004-05-17,2004-05-17 23:00:00,1637,17,23,1,21,5,1215.0,1234.0,1566.0,1735.0,1243.0,3.4,17.8,216.0,142.0,26.7,38.1,0.7304,1689.1341539643026
2004-05-18,2004-05-18 23:00:00,1661,18,23,2,21,5,1745.0,1748.0,1413.0,2605.0,2054.0,6.5,38.9,346.0,162.0,32.2,46.5,0.9019,2333.656200866546
2004-05-19,2004-05-19 23:00:00,1685,19,23,3,21,5,1716.0,1701.0,1224.0,2545.0,2018.0,6.2,36.7,320.0,165.0,31.6,53.4,1.1313,2308.1631969121568
2004-05-20,2004-05-20 23:00:00,1709,20,23,4,21,5,1763.0,1617.0,1265.0,2503.0,1835.0,5.4,32.9,267.0,179.0,32.6,59.0,1.1279,2290.042730821126
2004-05-21,2004-05-21 23:00:00,1733,21,23,5,21,5,1522.0,1509.0,1167.0,2275.0,1828.0,4.8,28.2,303.0,155.0,32.8,54.7,1.0004,2165.9685303718206
2004-05-22,2004-05-22 23:00:00,1757,22,23,6,21,5,1466.0,1240.0,1024.0,1965.0,1454.0,3.7,18.0,194.0,126.0,29.2,53.8,1.2771,1909.6467735842693
2004-05-23,2004-05-23 23:00:00,1781,23,23,7,21,5,1507.0,1311.0,1257.0,2107.0,1499.0,4.1,20.5,179.0,114.0,28.8,61.6,1.2679,2038.7392871340921
2004-05-24,2004-05-24 23:00:00,1805,24,23,1,22,5,1006.0,1100.0,1904.0,1416.0,987.0,2.4,13.5,165.0,114.0,25.8,45.2,0.8394,1403.0393673931273
2004-05-25,2004-05-25 23:00:00,1829,25,23,2,22,5,1321.0,1426.0,1559.0,1859.0,1481.0,3.2,24.9,289.0,155.0,32.6,40.0,0.5773,1731.9854123717716
2004-05-26,2004-05-26 23:00:00,1853,26,23,3,22,5,1303.0,1776.0,1276.0,1720.0,1608.0,4.0,40.2,188.0,136.0,32.3,35.7,0.8440000000000001,1731.9854123717716
2004-05-27,2004-05-27 23:00:00,1877,27,23,4,22,5,1485.0,1650.0,1442.0,2337.0,1789.0,,34.4,,,31.3,48.6,0.9088,2180.110482095552
2004-05-28,2004-05-28 23:00:00,1901,28,23,5,22,5,1245.0,1367.0,1305.0,2008.0,1330.0,2.2,22.6,147.0,119.0,29.6,54.8,1.2148,1943.7367637019074
2004-05-29,2004-05-29 23:00:00,1925,29,23,6,22,5,1065.0,1106.0,1588.0,1707.0,929.0,2.7,13.7,142.0,119.0,23.8,51.9,1.0504,1631.83444913549
2004-05-30,2004-05-30 23:00:00,1949,30,23,7,22,5,1035.0,1110.0,1502.0,1652.0,1044.0,2.7,13.8,148.0,128.0,32.0,47.7,0.9385,1645.27814971183
2004-05-31,2004-05-31 23:00:00,1973,31,23,1,23,5,1252.0,1429.0,1451.0,2120.0,1390.0,3.6,25.0,248.0,161.0,30.9,81.6,1.6296,2028.5952145419144
2004-06-01,2004-06-01 23:00:00,1997,1,23,2,23,6,1501.0,1501.0,1527.0,2486.0,1517.0,4.8,27.9,248.0,109.0,25.7,82.3,1.6688,2378.230892009693
2004-06-02,2004-06-02 23:00:00,2021,2,23,3,23,6,1223.0,1142.0,1280.0,1965.0,1084.0,0.8,14.8,145.0,95.0,31.8,70.7,1.5799,1897.7726542031905
2004-06-03,2004-06-03 23:00:00,2045,3,23,4,23,6,1234.0,1318.0,1517.0,2180.0,2202.0,,20.8,248.0,108.0,29.1,79.0,1.704,2117.64811005841
2004-06-04,2004-06-04 23:00:00,2069,4,23,5,23,6,1198.0,1226.0,1570.0,2058.0,1213.0,3.6,17.5,,,28.3,54.0,1.2342,1908.3999841881368
2004-06-05,2004-06-05 23:00:00,2093,5,23,6,23,6,1157.0,1183.0,1135.0,1970.0,1079.0,2.7,16.1,187.0,111.0,30.7,59.4,1.6315,1934.2542438384564
2004-06-06,2004-06-06 23:00:00,2117,6,23,7,23,6,968.0,914.0,1471.0,1739.0,862.0,1.7,8.4,131.0,98.0,27.0,81.8,1.5816,1715.6129026434746
2004-06-07,2004-06-07 23:00:00,2141,7,23,1,24,6,1243.0,1524.0,1281.0,2281.0,1470.0,4.8,28.9,290.0,142.0,35.9,57.9,1.2898,2151.598917701707
2004-06-08,2004-06-08 23:00:00,2165,8,23,2,24,6,1377.0,1688.0,1449.0,2746.0,1708.0,5.8,36.1,441.0,183.0,37.8,62.3,1.3130000000000002,2490.0574912354127
2004-06-09,2004-06-09 23:00:00,2189,9,23,3,24,6,1496.0,1705.0,1113.0,2691.0,2147.0,6.4,36.9,357.0,222.0,40.6,56.0,1.4672,2466.4813607174165
2004-06-10,2004-06-10 23:00:00,2213,10,23,4,24,6,1373.0,1561.0,1138.0,2525.0,1640.0,5.1,30.4,363.0,211.0,40.4,59.4,1.5019999999999998,2332.0646001431933
2004-06-11,2004-06-11 23:00:00,2237,11,23,5,24,6,1355.0,1526.0,1176.0,2397.0,1658.0,4.8,28.9,333.0,158.0,37.4,51.4,1.2065,2274.5413968902944
2004-06-12,2004-06-12 23:00:00,2261,12,23,6,24,6,1245.0,1119.0,1109.0,1870.0,1200.0,2.6,14.1,171.0,113.0,37.0,46.6,1.4135,1853.524141105011
2004-06-13,2004-06-13 23:00:00,2285,13,23,7,24,6,1086.0,946.0,1534.0,1729.0,945.0,2.0,9.2,126.0,89.0,26.2,51.0,1.4599,1770.5080470350038
2004-06-14,2004-06-14 23:00:00,2309,14,23,1,25,6,1072.0,1057.0,1941.0,1820.0,885.0,2.7,12.2,157.0,103.0,25.6,52.7,1.2534,1730.6795404539155
2004-06-15,2004-06-15 23:00:00,2333,15,23,2,25,6,1287.0,1424.0,1525.0,2319.0,1489.0,4.4,24.8,311.0,158.0,35.3,51.8,1.2524,2186.3928609112554
2004-06-16,2004-06-16 23:00:00,2357,16,23,3,25,6,1440.0,1556.0,1163.0,2530.0,1561.0,5.0,30.2,310.0,142.0,33.6,59.8,1.4659,2325.7109493287107
2004-06-17,2004-06-17 23:00:00,2381,17,23,4,25,6,1335.0,1496.0,1102.0,2385.0,1690.0,4.8,27.7,300.0,154.0,31.5,60.8,1.3940000000000001,2271.416685990839
2004-06-18,2004-06-18 23:00:00,2405,18,23,5,25,6,1306.0,1522.0,1259.0,2450.0,1545.0,4.4,28.8,274.0,180.0,37.6,54.1,1.4733,2231.87906439638
2004-06-19,2004-06-19 23:00:00,2429,19,23,6,25,6,1101.0,992.0,1109.0,1774.0,1007.0,2.4,10.4,125.0,113.0,36.1,55.0,1.4517,1771.818819507276
2004-06-20,2004-06-20 23:00:00,2453,20,23,7,25,6,,,,,,4.2,,144.0,114.0,,,,1719.588601443258
2004-06-21,2004-06-21 23:00:00,2477,21,23,1,26,6,1221.0,1386.0,1353.0,2138.0,1412.0,3.7,23.3,232.0,147.0,31.1,57.6,1.1945,2026.900826446281
2004-06-22,2004-06-22 23:00:00,2501,22,23,2,26,6,1332.0,1556.0,1385.0,2394.0,1660.0,5.0,30.2,387.0,154.0,33.5,56.5,1.2095,2209.7635670314858
2004-06-23,2004-06-23 23:00:00,2525,23,23,3,26,6,1313.0,1408.0,1183.0,2210.0,1598.0,4.8,24.2,331.0,166.0,35.4,52.3,1.44,2112.584530895484
2004-06-24,2004-06-24 23:00:00,2549,24,23,4,26,6,1256.0,1340.0,1062.0,2176.0,1280.0,4.1,21.6,168.0,128.0,35.8,60.9,1.7193,2076.8708593710294
2004-06-25,2004-06-25 23:00:00,2573,25,23,5,26,6,1203.0,1237.0,1144.0,1968.0,1370.0,3.4,17.9,245.0,151.0,36.2,57.0,1.3793,1923.6359103601987
2004-06-26,2004-06-26 23:00:00,2597,26,23,6,26,6,1214.0,1151.0,1171.0,1938.0,1323.0,2.7,15.1,187.0,144.0,38.4,45.8,1.5098,1864.4318085705445
2004-06-27,2004-06-27 23:00:00,2621,27,23,7,26,6,1127.0,1075.0,1195.0,1830.0,1266.0,2.4,12.7,146.0,137.0,42.2,53.7,1.5318,1841.477269523515
2004-06-28,2004-06-28 23:00:00,2645,28,23,1,27,6,1441.0,1606.0,1079.0,2568.0,1791.0,5.6,32.4,348.0,183.0,40.4,50.1,1.4854,2363.23934967306
2004-06-29,2004-06-29 23:00:00,2669,29,23,2,27,6,1502.0,1631.0,1080.0,2622.0,1858.0,5.7,33.5,350.0,202.0,38.0,49.5,1.8362,2439.558751473534
2004-06-30,2004-06-30 23:00:00,2693,30,23,3,27,6,1506.0,1499.0,1052.0,2485.0,2043.0,4.9,27.8,290.0,226.0,39.7,59.1,1.939,2351.325461131238
2004-07-01,2004-07-01 23:00:00,2717,1,23,4,27,7,1380.0,1376.0,1079.0,2337.0,1617.0,4.4,22.9,261.0,179.0,38.1,58.6,1.7969,2210.2164102099473
2004-07-02,2004-07-02 23:00:00,2741,2,23,5,27,7,1529.0,1526.0,1046.0,2559.0,1763.0,4.9,29.0,300.0,174.0,38.8,50.6,1.6396,2344.162790218782
2004-07-03,2004-07-03 23:00:00,2765,3,23,6,27,7,1173.0,1130.0,1077.0,1885.0,1401.0,2.5,14.4,208.0,131.0,38.0,50.7,1.3473,1811.296957663728
2004-07-04,2004-07-04 23:00:00,2789,4,23,7,27,7,1217.0,1060.0,1185.0,1840.0,1227.0,2.2,12.3,126.0,108.0,39.3,59.6,1.5732,1794.1944058711686
2004-07-05,2004-07-05 23:00:00,2813,5,23,1,28,7,1344.0,1496.0,1120.0,2311.0,1651.0,4.3,27.7,330.0,203.0,40.4,51.4,1.3251,2108.422498864176
2004-07-06,2004-07-06 23:00:00,2837,6,23,2,28,7,1467.0,1575.0,1123.0,2460.0,2475.0,5.1,31.0,369.0,194.0,40.2,52.5,1.4404,2315.629260449767
2004-07-07,2004-07-07 23:00:00,2861,7,23,3,28,7,1502.0,1546.0,1073.0,2305.0,2021.0,5.3,29.8,392.0,233.0,42.6,39.3,1.3055,2205.2566044460627
2004-07-08,2004-07-08 23:00:00,2885,8,23,4,28,7,1611.0,1552.0,910.0,2371.0,1948.0,5.1,30.0,361.0,206.0,41.9,40.4,1.6308,2235.6497070592704
2004-07-09,2004-07-09 23:00:00,2909,9,23,5,28,7,1355.0,1282.0,1144.0,1996.0,1714.0,3.2,19.5,228.0,180.0,34.4,46.2,1.6039,1969.8010276010668
2004-07-10,2004-07-10 23:00:00,2933,10,23,6,28,7,1118.0,1082.0,1126.0,1792.0,1080.0,2.3,13.0,161.0,127.0,33.3,53.2,1.3379,1759.291698568497
2004-07-11,2004-07-11 23:00:00,2957,11,23,7,28,7,1153.0,1042.0,1254.0,1713.0,1022.0,2.4,11.8,184.0,136.0,33.0,52.6,1.2596,1690.1916266667065
2004-07-12,2004-07-12 23:00:00,2981,12,23,1,29,7,1272.0,1328.0,1269.0,2085.0,1463.0,3.6,21.1,333.0,128.0,28.5,57.4,1.2452,1935.3439514121806
2004-07-13,2004-07-13 23:00:00,3005,13,23,2,29,7,1257.0,1495.0,1274.0,2245.0,1647.0,5.0,27.6,379.0,173.0,34.5,59.8,1.1387,2131.4878777597887
2004-07-14,2004-07-14 23:00:00,3029,14,23,3,29,7,1339.0,1561.0,1076.0,2357.0,1791.0,4.7,30.4,427.0,190.0,36.0,49.4,1.0979999999999999,2231.033317464723
2004-07-15,2004-07-15 23:00:00,3053,15,23,4,29,7,1291.0,1434.0,1105.0,2239.0,1620.0,4.8,25.2,344.0,198.0,37.1,48.4,1.3818,2055.844824691741
2004-07-16,2004-07-16 23:00:00,3077,16,23,5,29,7,1319.0,1470.0,1155.0,2276.0,1589.0,4.4,26.6,316.0,206.0,38.1,48.5,1.4452,2074.2933773448494
2004-07-17,2004-07-17 23:00:00,3101,17,23,6,29,7,1165.0,1080.0,1039.0,1675.0,1360.0,2.4,12.9,175.0,138.0,41.1,46.9,1.198,1677.8136981047494
2004-07-18,2004-07-18 23:00:00,3125,18,23,7,29,7,1147.0,1040.0,1132.0,1635.0,1279.0,2.2,11.7,132.0,114.0,41.4,48.5,1.1405,1614.5203208676464
2004-07-19,2004-07-19 23:00:00,3149,19,23,1,30,7,1403.0,1443.0,1090.0,2234.0,1811.0,3.4,25.6,313.0,200.0,41.4,46.5,1.3343,2084.4333953320565
2004-07-20,2004-07-20 23:00:00,3173,20,23,2,30,7,1626.0,1713.0,924.0,2643.0,2176.0,,37.3,395.0,193.0,42.8,47.4,1.3794,2445.76660146279
2004-07-21,2004-07-21 23:00:00,3197,21,23,3,30,7,1526.0,1495.0,1006.0,2405.0,1904.0,4.1,27.7,286.0,194.0,42.7,50.1,1.537,2224.9608662890123
2004-07-22,2004-07-22 23:00:00,3221,22,23,4,30,7,1602.0,1678.0,867.0,2662.0,2105.0,4.4,35.6,351.0,190.0,44.6,55.4,1.621,2483.1747645842247
2004-07-23,2004-07-23 23:00:00,3245,23,23,5,30,7,1367.0,1441.0,891.0,2283.0,1770.0,3.8,25.5,262.0,156.0,43.1,51.5,1.5071,2176.9428020563887
2004-07-24,2004-07-24 23:00:00,3269,24,23,6,30,7,1238.0,1156.0,983.0,1897.0,1353.0,2.4,15.2,153.0,116.0,38.3,52.2,1.837,1864.173510845177
2004-07-25,2004-07-25 23:00:00,3293,25,23,7,30,7,1163.0,893.0,1242.0,1760.0,977.0,1.7,7.9,103.0,110.0,31.5,69.3,2.0042,1715.5446792185828
2004-07-26,2004-07-26 23:00:00,3317,26,23,1,31,7,1163.0,1227.0,1204.0,1931.0,1169.0,1.5,17.6,180.0,131.0,36.3,48.5,1.6159999999999999,1825.9700386370434
2004-07-27,2004-07-27 23:00:00,3341,27,23,2,31,7,1086.0,1045.0,1128.0,1724.0,1134.0,,11.9,181.0,128.0,32.8,48.8,1.4337,1684.470923388807
2004-07-28,2004-07-28 23:00:00,3365,28,23,3,31,7,1210.0,1472.0,1156.0,2112.0,1525.0,,26.7,282.0,166.0,36.8,42.5,1.0682,1958.9814780054212
2004-07-29,2004-07-29 23:00:00,3389,29,23,4,31,7,1281.0,1469.0,1158.0,2179.0,1669.0,,26.6,287.0,171.0,38.6,45.6,1.5349,2023.565765939111
2004-07-30,2004-07-30 23:00:00,3413,30,23,5,31,7,1380.0,1463.0,932.0,2322.0,1691.0,,26.3,297.0,167.0,39.3,52.2,1.6157,2188.986507822613
2004-07-31,2004-07-31 23:00:00,3437,31,23,6,31,7,1272.0,1175.0,917.0,1957.0,1347.0,3.4,15.9,220.0,174.0,40.4,58.8,1.6807,1912.4456640407761
2004-08-01,2004-08-01 23:00:00,3461,1,23,7,31,8,1170.0,1020.0,1119.0,1798.0,1086.0,2.0,11.2,106.0,100.0,40.2,63.6,1.9998,1780.1138406801654
2004-08-02,2004-08-02 23:00:00,3485,2,23,1,32,8,1297.0,1233.0,1203.0,2129.0,1248.0,2.2,17.8,163.0,173.0,38.0,62.8,2.0669999999999997,2029.2023157691308
2004-08-03,2004-08-03 23:00:00,3509,3,23,2,32,8,1362.0,1333.0,1186.0,2256.0,1533.0,0.1,21.3,282.0,185.0,38.0,52.3,1.9105,2155.535302808736
2004-08-04,2004-08-04 23:00:00,3533,4,23,3,32,8,1381.0,1454.0,987.0,2404.0,1607.0,,26.0,104.0,89.0,39.3,58.6,1.8891,2273.586169184892
2004-08-05,2004-08-05 23:00:00,3557,5,23,4,32,8,1261.0,1150.0,1054.0,2015.0,1388.0,,15.1,127.0,115.0,38.3,81.8,2.0202,1937.2296676185035
2004-08-06,2004-08-06 23:00:00,3581,6,23,5,32,8,1307.0,1270.0,930.0,2191.0,1451.0,3.0,19.1,245.0,120.0,35.6,75.9,2.019,2092.211079169162
2004-08-07,2004-08-07 23:00:00,3605,7,23,6,32,8,1075.0,1012.0,1068.0,1838.0,1113.0,2.0,10.9,115.0,96.0,38.5,67.1,1.8897,1781.3412403015423
2004-08-08,2004-08-08 23:00:00,3629,8,23,7,32,8,1124.0,992.0,1129.0,1791.0,1013.0,1.9,10.4,88.0,98.0,35.1,68.0,2.1806,1750.5621149202707
2004-08-09,2004-08-09 23:00:00,3653,9,23,1,33,8,1185.0,1152.0,1065.0,2005.0,1336.0,2.5,15.1,143.0,96.0,34.4,68.0,1.9804,1966.74837104972
2004-08-10,2004-08-10 23:00:00,3677,10,23,2,33,8,1268.0,1259.0,955.0,2114.0,1433.0,2.9,18.7,188.0,126.0,40.5,67.4,2.0821,2044.506744948372
2004-08-11,2004-08-11 23:00:00,3701,11,23,3,33,8,1179.0,1019.0,961.0,1904.0,1178.0,1.8,11.1,105.0,69.0,38.8,63.7,2.117,1868.3269765180842
2004-08-12,2004-08-12 23:00:00,3725,12,23,4,33,8,1205.0,1118.0,1027.0,2019.0,1189.0,2.2,14.1,122.0,86.0,38.1,64.6,2.1719,1955.7461210626584
2004-08-13,2004-08-13 23:00:00,3749,13,23,5,33,8,1086.0,981.0,1264.0,1818.0,1007.0,1.6,10.1,101.0,109.0,36.3,67.1,2.1395,1790.4002496998585
2004-08-14,2004-08-14 23:00:00,3773,14,23,6,33,8,1005.0,868.0,1232.0,1639.0,890.0,1.4,7.3,84.0,85.0,38.9,57.2,1.7898,1614.4648691113366
2004-08-15,2004-08-15 23:00:00,3797,15,23,7,33,8,982.0,906.0,1281.0,1562.0,1002.0,1.6,8.2,79.0,91.0,38.3,62.2,1.7077,1527.7176996453366
2004-08-16,2004-08-16 23:00:00,3821,16,23,1,34,8,1028.0,1048.0,1238.0,1624.0,1135.0,2.1,12.0,171.0,110.0,39.7,47.0,1.3722,1607.0497426995826
2004-08-17,2004-08-17 23:00:00,3845,17,23,2,34,8,1155.0,1181.0,1069.0,1850.0,1302.0,2.5,16.0,190.0,137.0,38.8,53.9,1.4666,1785.5022258385488
2004-08-18,2004-08-18 23:00:00,3869,18,23,3,34,8,1077.0,1022.0,920.0,1693.0,1138.0,1.7,11.2,94.0,78.0,36.8,52.9,1.964,1686.782953301639
2004-08-19,2004-08-19 23:00:00,3893,19,23,4,34,8,1116.0,953.0,1187.0,1759.0,927.0,1.7,9.3,72.0,68.0,39.9,54.4,2.0375,1741.4128163234554
2004-08-20,2004-08-20 23:00:00,3917,20,23,5,34,8,1175.0,1080.0,1398.0,1931.0,1102.0,,12.9,,,36.8,59.0,2.0767,1857.4453559526198
2004-08-21,2004-08-21 23:00:00,3941,21,23,6,34,8,965.0,936.0,1171.0,1563.0,866.0,,8.9,,,32.4,47.3,1.6121,1590.4585935231946
2004-08-22,2004-08-22 23:00:00,3965,22,23,7,34,8,958.0,900.0,1326.0,1549.0,911.0,,8.0,,,38.3,67.4,1.4978,1521.267740660009
2004-08-23,2004-08-23 23:00:00,3989,23,23,1,35,8,1028.0,1146.0,1105.0,1766.0,1087.0,2.0,14.9,111.0,92.0,37.3,55.1,1.328,1658.7094826696555
2004-08-24,2004-08-24 23:00:00,4013,24,23,2,35,8,1093.0,1133.0,1181.0,1678.0,1208.0,2.3,14.5,216.0,129.0,38.3,50.4,1.8284,1660.0077933665507
2004-08-25,2004-08-25 23:00:00,4037,25,23,3,35,8,1314.0,1325.0,1102.0,2143.0,1390.0,3.5,21.0,204.0,107.0,36.3,56.1,1.871,2003.6201802465769
2004-08-26,2004-08-26 23:00:00,4061,26,23,4,35,8,969.0,857.0,1189.0,1485.0,821.0,2.6,7.0,143.0,99.0,24.3,47.7,1.3501,1478.4700918246522
2004-08-27,2004-08-27 23:00:00,4085,27,23,5,35,8,,,,,,2.4,,201.0,124.0,,,,1277.6809468799368
2004-08-28,2004-08-28 23:00:00,4109,28,23,6,35,8,1125.0,952.0,1145.0,1690.0,1034.0,1.8,9.3,134.0,102.0,35.9,59.3,1.6765,1665.448121492982
2004-08-29,2004-08-29 23:00:00,4133,29,23,7,35,8,1181.0,1107.0,982.0,1807.0,1026.0,,13.7,,,36.2,66.9,1.7141,1720.9324719233011
2004-08-30,2004-08-30 23:00:00,4157,30,23,1,36,8,1393.0,1567.0,1127.0,2381.0,1562.0,,30.7,,,33.8,64.0,1.6769999999999998,2233.352991539497
2004-08-31,2004-08-31 23:00:00,4181,31,23,2,36,8,1333.0,1460.0,1049.0,2231.0,1455.0,2.9,26.2,247.0,105.0,34.5,64.5,1.6872,2122.628012169433
2004-09-01,2004-09-01 23:00:00,4205,1,23,3,36,9,1410.0,1669.0,994.0,2555.0,1644.0,4.9,35.2,487.0,171.0,35.5,66.8,1.6031,2315.514026192545
2004-09-02,2004-09-02 23:00:00,4229,2,23,4,36,9,1464.0,1552.0,977.0,2366.0,1738.0,5.2,30.0,417.0,126.0,38.7,57.2,1.5165,2181.1865416968462
2004-09-03,2004-09-03 23:00:00,4253,3,23,5,36,9,1488.0,1653.0,954.0,2537.0,1782.0,4.9,34.5,,,39.3,59.3,1.5747,2281.815045356248
2004-09-04,2004-09-04 23:00:00,4277,4,23,6,36,9,1226.0,1094.0,816.0,1697.0,1362.0,2.6,13.3,,,40.7,55.4,1.4999,1678.4599056891461
2004-09-05,2004-09-05 23:00:00,4301,5,23,7,36,9,1399.0,1558.0,1327.0,2052.0,1652.0,5.8,30.3,,,34.5,38.6,1.2477,1865.6400330798126
2004-09-06,2004-09-06 23:00:00,4325,6,23,1,37,9,1133.0,1101.0,1281.0,1669.0,1105.0,2.9,13.5,,,30.1,49.6,1.4247,1644.2250324021945
2004-09-07,2004-09-07 23:00:00,4349,7,23,2,37,9,1311.0,1350.0,1012.0,1957.0,1486.0,4.1,22.0,232.0,89.0,32.5,48.3,1.3688,1844.977857200224
2004-09-08,2004-09-08 23:00:00,4373,8,23,3,37,9,1383.0,1654.0,984.0,1582.0,1678.0,4.7,34.5,502.0,188.0,32.4,33.0,1.0131,1546.7477042657238
2004-09-09,2004-09-09 23:00:00,4397,9,23,4,37,9,1425.0,1605.0,1370.0,1920.0,2321.0,5.4,32.3,631.0,220.0,38.4,37.5,1.229,1821.2305663934949
2004-09-10,2004-09-10 23:00:00,4421,10,23,5,37,9,1417.0,1511.0,1219.0,1975.0,1676.0,4.1,28.3,606.0,180.0,34.9,45.8,1.2049,1816.2838632720734
2004-09-11,2004-09-11 23:00:00,4445,11,23,6,37,9,1323.0,1190.0,1189.0,1702.0,1479.0,1.6,16.3,176.0,101.0,35.9,50.8,1.4424,1643.1478837092916
2004-09-12,2004-09-12 23:00:00,4469,12,23,7,37,9,1506.0,1385.0,1111.0,2260.0,1935.0,,23.3,,,30.1,70.4,2.231,2108.9088542055647
2004-09-13,2004-09-13 23:00:00,4493,13,23,1,38,9,1570.0,1684.0,1070.0,2374.0,1716.0,6.2,35.9,891.0,208.0,35.2,73.4,1.7589,2255.2913835772697
2004-09-14,2004-09-14 23:00:00,4517,14,23,2,38,9,1540.0,1601.0,1061.0,2382.0,1743.0,0.8,32.1,144.0,68.0,34.0,87.2,1.9669999999999999,2273.9058276225705
2004-09-15,2004-09-15 23:00:00,4541,15,23,3,38,9,1571.0,1593.0,1082.0,2409.0,1686.0,6.7,31.8,622.0,173.0,26.9,81.5,1.9776,2324.852168367669
2004-09-16,2004-09-16 23:00:00,4565,16,23,4,38,9,1435.0,1430.0,1107.0,2194.0,1518.0,4.2,25.0,664.0,127.0,23.8,76.0,1.7394,2120.831277509117
2004-09-17,2004-09-17 23:00:00,4589,17,23,5,38,9,1147.0,1178.0,1472.0,1708.0,1114.0,3.1,15.9,456.0,129.0,23.9,61.9,1.4017,1635.8295249311616
2004-09-18,2004-09-18 23:00:00,4613,18,23,6,38,9,1191.0,1055.0,1319.0,1563.0,1221.0,2.5,12.1,304.0,132.0,29.1,50.7,1.2626,1522.9354587045218
2004-09-19,2004-09-19 23:00:00,4637,19,23,7,38,9,1345.0,1317.0,1169.0,1816.0,1416.0,4.4,20.7,489.0,188.0,34.6,66.8,1.4632,1757.4452240584449
2004-09-20,2004-09-20 23:00:00,4661,20,23,1,39,9,1479.0,1663.0,1122.0,2338.0,1785.0,6.5,34.9,737.0,225.0,34.3,65.6,1.4666,2158.6671743713314
2004-09-21,2004-09-21 23:00:00,4685,21,23,2,39,9,1587.0,1795.0,1119.0,2531.0,1820.0,7.3,41.2,738.0,210.0,31.5,66.1,1.548,2354.544978759221
2004-09-22,2004-09-22 23:00:00,4709,22,23,3,39,9,1514.0,1648.0,1133.0,2400.0,1798.0,5.5,34.3,701.0,218.0,32.9,72.5,1.7127,2242.399566938885
2004-09-23,2004-09-23 23:00:00,4733,23,23,4,39,9,1446.0,1458.0,1138.0,2075.0,1619.0,4.9,26.1,442.0,190.0,31.6,68.5,1.7261,2049.3605657524326
2004-09-24,2004-09-24 23:00:00,4757,24,23,5,39,9,1600.0,1641.0,1317.0,2430.0,1788.0,5.6,34.0,803.0,160.0,26.6,76.6,1.5682,2235.610649385705
2004-09-25,2004-09-25 23:00:00,4781,25,23,6,39,9,1126.0,1111.0,1531.0,1473.0,1249.0,2.8,13.8,330.0,99.0,22.1,53.9,0.9334,1423.1356861379006
2004-09-26,2004-09-26 23:00:00,4805,26,23,7,39,9,1067.0,1040.0,1222.0,1413.0,1166.0,3.3,11.7,371.0,127.0,23.4,63.2,0.9319,1400.1261873486553
2004-09-27,2004-09-27 23:00:00,4829,27,23,1,40,9,1372.0,1477.0,1079.0,1973.0,1556.0,5.5,26.9,799.0,158.0,25.1,62.6,0.9948,1764.2328508071853
2004-09-28,2004-09-28 23:00:00,4853,28,23,2,40,9,1479.0,1756.0,1208.0,2165.0,2236.0,7.5,39.3,755.0,209.0,28.9,62.7,1.1159,2104.4854129720693
2004-09-29,2004-09-29 23:00:00,4877,29,23,3,40,9,1467.0,1643.0,1221.0,2088.0,1770.0,6.3,34.1,693.0,204.0,28.6,62.1,1.1281,2018.9528490084201
2004-09-30,2004-09-30 23:00:00,4901,30,23,4,40,9,1728.0,1692.0,1138.0,2365.0,1866.0,6.5,36.3,623.0,188.0,26.1,64.7,1.6155,2240.958256838987
2004-10-01,2004-10-01 23:00:00,4925,1,23,5,40,10,1707.0,1637.0,968.0,2338.0,1848.0,5.6,33.7,619.0,169.0,26.4,71.8,1.6117,2274.881112533636
2004-10-02,2004-10-02 23:00:00,4949,2,23,6,40,10,1506.0,1315.0,867.0,1954.0,1395.0,,20.7,,,26.5,65.9,1.6213,1858.0657454360369
2004-10-03,2004-10-03 23:00:00,4973,3,23,7,40,10,1540.0,1336.0,972.0,1929.0,1590.0,,21.4,,,27.4,66.4,1.6261,1888.3949323114773
2004-10-04,2004-10-04 23:00:00,4997,4,23,1,41,10,1723.0,1866.0,1037.0,2612.0,2006.0,,44.7,,,28.9,73.9,1.5277,2531.560848866155
2004-10-05,2004-10-05 23:00:00,5021,5,23,2,41,10,1778.0,1805.0,1081.0,2473.0,2094.0,,41.6,,,30.8,70.1,1.6774,2410.828452044545
2004-10-06,2004-10-06 23:00:00,5045,6,23,3,41,10,1840.0,1852.0,992.0,2553.0,2143.0,,44.0,,,29.6,70.5,1.5811,2362.687413038069
2004-10-07,2004-10-07 23:00:00,5069,7,23,4,41,10,1757.0,1711.0,948.0,2464.0,1959.0,7.0,37.1,669.0,128.0,28.6,67.1,1.5657,2269.664081749596
2004-10-08,2004-10-08 23:00:00,5093,8,23,5,41,10,1606.0,1578.0,931.0,2205.0,1827.0,5.7,31.2,693.0,128.0,28.7,70.3,1.6298,2092.0069759314943
2004-10-09,2004-10-09 23:00:00,5117,9,23,6,41,10,1674.0,1447.0,780.0,2065.0,1689.0,4.8,25.7,470.0,122.0,29.6,67.5,1.7966,2024.1499784177645
2004-10-10,2004-10-10 23:00:00,5141,10,23,7,41,10,1520.0,1217.0,942.0,1812.0,1357.0,3.7,17.2,409.0,103.0,24.8,80.5,1.8881,1773.7783949729126
2004-10-11,2004-10-11 23:00:00,5165,11,23,1,42,10,1464.0,1444.0,1203.0,2072.0,1625.0,4.8,25.6,565.0,109.0,23.2,77.7,1.6384,1997.3855380968
2004-10-12,2004-10-12 23:00:00,5189,12,23,2,42,10,1159.0,1141.0,1134.0,1650.0,1114.0,3.0,14.8,492.0,103.0,20.8,67.5,1.3952,1578.3167177011326
2004-10-13,2004-10-13 23:00:00,5213,13,23,3,42,10,1044.0,1022.0,1590.0,1454.0,983.0,1.5,11.2,286.0,78.0,18.0,58.7,1.0154,1410.2365774685022
2004-10-14,2004-10-14 23:00:00,5237,14,23,4,42,10,1340.0,1324.0,1436.0,1907.0,1412.0,,21.0,,,22.2,78.1,1.4491,1820.843418529664
2004-10-15,2004-10-15 23:00:00,5261,15,23,5,42,10,1420.0,1426.0,1125.0,1942.0,1573.0,,24.9,,,24.4,84.6,1.4673,1919.2249623285074
2004-10-16,2004-10-16 23:00:00,5285,16,23,6,42,10,1146.0,1118.0,1033.0,1569.0,1174.0,,14.0,,,22.0,83.8,1.3493,1518.7438839484053
2004-10-17,2004-10-17 23:00:00,5309,17,23,7,42,10,1105.0,1074.0,1217.0,1495.0,1050.0,,12.7,,,22.4,78.1,1.3557,1455.712920554042
2004-10-18,2004-10-18 23:00:00,5333,18,23,1,43,10,1612.0,1745.0,1226.0,2357.0,1834.0,,38.8,,,22.2,73.6,1.341,2286.6985161588404
2004-10-19,2004-10-19 23:00:00,5357,19,23,2,43,10,1583.0,1726.0,842.0,2316.0,1818.0,,37.9,,,22.8,76.7,1.5877,2119.233786942486
2004-10-20,2004-10-20 23:00:00,5381,20,23,3,43,10,1884.0,1846.0,688.0,2595.0,2203.0,8.0,43.7,895.0,194.0,25.7,74.6,1.8319,2469.562392060861
2004-10-21,2004-10-21 23:00:00,5405,21,23,4,43,10,1720.0,1661.0,830.0,2403.0,1846.0,6.0,34.8,576.0,120.0,27.2,71.7,1.8632,2294.5715104726637
2004-10-22,2004-10-22 23:00:00,5429,22,23,5,43,10,1808.0,1771.0,870.0,2486.0,2235.0,8.4,40.0,686.0,163.0,26.9,74.4,1.7164,2372.3930376232197
2004-10-23,2004-10-23 23:00:00,5453,23,23,6,43,10,1537.0,1381.0,876.0,2016.0,1615.0,4.6,23.1,526.0,120.0,27.2,74.8,1.7228,1967.73867013678
2004-10-24,2004-10-24 23:00:00,5477,24,23,7,43,10,1555.0,1410.0,853.0,1971.0,2185.0,5.2,24.3,532.0,128.0,26.5,78.4,1.619,1907.5802250331344
2004-10-25,2004-10-25 23:00:00,5501,25,23,1,44,10,1824.0,1897.0,889.0,2641.0,2164.0,8.4,46.3,860.0,158.0,21.7,79.6,1.5987,2533.533488686216
2004-10-26,2004-10-26 23:00:00,5525,26,23,2,44,10,1908.0,2007.0,897.0,2775.0,2372.0,9.5,52.1,952.0,187.0,24.9,79.4,1.6579,2680.313305212805
2004-10-27,2004-10-27 23:00:00,5549,27,23,3,44,10,1465.0,1515.0,946.0,2119.0,1516.0,4.9,28.5,561.0,132.0,21.0,81.8,1.6066,2024.0564390681407
2004-10-28,2004-10-28 23:00:00,5573,28,23,4,44,10,1633.0,1671.0,936.0,2271.0,1852.0,6.5,35.3,761.0,149.0,21.6,79.9,1.5656,2163.605302376517
2004-10-29,2004-10-29 23:00:00,5597,29,23,5,44,10,1523.0,1457.0,1092.0,2125.0,1430.0,5.5,26.1,706.0,163.0,23.5,86.5,2.0224,2076.1919603390666
2004-10-30,2004-10-30 23:00:00,5621,30,23,6,44,10,1493.0,1437.0,857.0,2015.0,1551.0,4.9,25.3,599.0,160.0,23.6,81.5,1.7305,1985.8436462884174
2004-10-31,2004-10-31 23:00:00,5645,31,23,7,44,10,1571.0,1559.0,1291.0,2277.0,1648.0,6.6,30.3,544.0,106.0,24.3,79.0,1.8148,2065.1759354484434
2004-11-01,2004-11-01 23:00:00,5669,1,23,1,45,11,1472.0,1290.0,747.0,1942.0,2519.0,4.1,19.8,523.0,110.0,25.8,78.1,1.98,1891.4286909119164
2004-11-02,2004-11-02 23:00:00,5693,2,23,2,45,11,1778.0,1935.0,1069.0,2643.0,2039.0,9.2,48.2,859.0,190.0,25.7,76.4,1.7283,2602.5464401639993
2004-11-03,2004-11-03 23:00:00,5717,3,23,3,45,11,1390.0,1414.0,1033.0,1959.0,1522.0,4.6,24.4,515.0,124.0,26.6,74.4,1.5156,1906.1868596141085
2004-11-04,2004-11-04 23:00:00,5741,4,23,4,45,11,1915.0,1920.0,1025.0,2609.0,2204.0,8.7,47.5,1052.0,186.0,26.8,73.5,1.7082,2533.888237269881
2004-11-05,2004-11-05 23:00:00,5765,5,23,5,45,11,1870.0,1871.0,1056.0,2483.0,2165.0,8.1,45.0,1001.0,180.0,24.7,73.3,1.5322,2410.304358972631
2004-11-06,2004-11-06 23:00:00,5789,6,23,6,45,11,1464.0,1321.0,1012.0,1794.0,1600.0,3.8,20.9,514.0,141.0,22.0,76.6,1.4356,1776.855957286447
2004-11-07,2004-11-07 23:00:00,5813,7,23,7,45,11,1075.0,1127.0,1370.0,1354.0,1063.0,3.2,14.3,412.0,140.0,18.0,71.4,1.2331,1348.7373698451413
2004-11-08,2004-11-08 23:00:00,5837,8,23,1,46,11,1341.0,1575.0,1757.0,1778.0,1580.0,6.6,31.0,742.0,183.0,13.4,71.6,0.8893,1703.1150974642487
2004-11-09,2004-11-09 23:00:00,5861,9,23,2,46,11,1275.0,1373.0,1296.0,1605.0,1720.0,4.7,22.8,,,13.8,85.7,0.8818,1539.9686627201702
2004-11-10,2004-11-10 23:00:00,5885,10,23,3,46,11,1277.0,1335.0,1663.0,1636.0,1331.0,4.6,21.4,586.0,193.0,11.4,87.1,0.893,1564.5691356800335
2004-11-11,2004-11-11 23:00:00,5909,11,23,4,46,11,1578.0,1605.0,975.0,2032.0,1643.0,6.8,32.3,1247.0,211.0,13.2,83.4,1.0693,1840.5110661824085
2004-11-12,2004-11-12 23:00:00,5933,12,23,5,46,11,1319.0,1319.0,1276.0,1735.0,1384.0,5.2,20.8,600.0,178.0,17.7,70.5,1.1328,1676.3238645062656
2004-11-13,2004-11-13 23:00:00,5957,13,23,6,46,11,1347.0,1227.0,1143.0,1627.0,1476.0,3.8,17.6,589.0,199.0,21.5,64.1,1.11,1606.5196686252564
2004-11-14,2004-11-14 23:00:00,5981,14,23,7,46,11,861.0,750.0,2121.0,1051.0,556.0,1.4,4.7,210.0,106.0,12.4,63.5,0.7711,1014.0456655012855
2004-11-15,2004-11-15 23:00:00,6005,15,23,1,47,11,1038.0,1202.0,1775.0,1305.0,1191.0,4.0,16.7,515.0,194.0,13.8,40.3,0.569,1284.474409622583
2004-11-16,2004-11-16 23:00:00,6029,16,23,2,47,11,1389.0,1463.0,1481.0,1694.0,1706.0,5.2,26.3,1071.0,222.0,18.1,49.4,0.6178,1546.9637874347982
2004-11-17,2004-11-17 23:00:00,6053,17,23,3,47,11,1802.0,1924.0,1253.0,2235.0,2452.0,10.2,47.7,1290.0,288.0,17.4,62.7,0.8244,2087.985800360407
2004-11-18,2004-11-18 23:00:00,6077,18,23,4,47,11,1503.0,1498.0,964.0,1852.0,1839.0,5.6,27.8,1195.0,282.0,18.8,76.7,1.0648,1803.0747647157846
2004-11-19,2004-11-19 23:00:00,6101,19,23,5,47,11,1623.0,1547.0,1210.0,2040.0,1883.0,8.6,29.8,881.0,231.0,18.3,65.3,1.1455,1981.0453455470624
2004-11-20,2004-11-20 23:00:00,6125,20,23,6,47,11,1252.0,1359.0,1347.0,1380.0,1765.0,4.6,22.3,870.0,243.0,15.3,45.2,0.4417,1313.0836003055144
2004-11-21,2004-11-21 23:00:00,6149,21,23,7,47,11,1197.0,1114.0,1136.0,1193.0,1655.0,2.5,13.9,607.0,216.0,15.2,65.3,0.4629,1128.0426386835468
2004-11-22,2004-11-22 23:00:00,6173,22,23,1,48,11,1766.0,2214.0,1146.0,1917.0,2522.0,6.9,63.7,1345.0,245.0,9.1,71.1,0.7503,1851.6290804655728
2004-11-23,2004-11-23 23:00:00,6197,23,23,2,48,11,2008.0,1980.0,782.0,2562.0,2386.0,11.9,50.6,1389.0,233.0,14.2,82.6,1.1018,2498.532542262341
2004-11-24,2004-11-24 23:00:00,6221,24,23,3,48,11,1669.0,1686.0,947.0,2066.0,1961.0,8.4,36.0,1074.0,181.0,15.6,84.3,1.0508,2015.7165120761886
2004-11-25,2004-11-25 23:00:00,6245,25,23,4,48,11,1369.0,1375.0,754.0,1576.0,1659.0,4.8,22.9,911.0,190.0,16.8,85.7,0.8557,1530.0287883355534
2004-11-26,2004-11-26 23:00:00,6269,26,23,5,48,11,1956.0,1877.0,864.0,2338.0,2465.0,10.1,45.2,1389.0,255.0,15.8,77.6,1.1396,2226.703808822618
2004-11-27,2004-11-27 23:00:00,6293,27,23,6,48,11,1622.0,1417.0,853.0,1871.0,1881.0,5.6,24.5,808.0,187.0,16.4,81.9,1.27,1815.3513716730984
2004-11-28,2004-11-28 23:00:00,6317,28,23,7,48,11,1382.0,1196.0,1207.0,1543.0,1468.0,4.5,16.5,605.0,132.0,13.4,79.4,1.0133,1489.9775148088565
2004-11-29,2004-11-29 23:00:00,6341,29,23,1,49,11,1705.0,1562.0,1699.0,1988.0,2197.0,6.6,30.5,1172.0,232.0,18.6,84.2,1.1137,1952.9550054214944
2004-11-30,2004-11-30 23:00:00,6365,30,23,2,49,11,1471.0,1559.0,1514.0,1939.0,1669.0,6.8,30.3,731.0,178.0,15.6,84.4,1.2845,1883.800910522892
2004-12-01,2004-12-01 23:00:00,6389,1,23,3,49,12,1566.0,1532.0,2095.0,1972.0,1791.0,7.5,29.2,1040.0,185.0,13.8,84.3,1.1342,1935.2458539309673
2004-12-02,2004-12-02 23:00:00,6413,2,23,4,49,12,1816.0,1851.0,2095.0,2405.0,2069.0,9.4,43.9,1184.0,171.0,19.2,81.0,1.2822,2308.9987985395505
2004-12-03,2004-12-03 23:00:00,6437,3,23,5,49,12,1648.0,1612.0,975.0,2177.0,1885.0,6.9,32.6,928.0,173.0,19.0,85.5,1.3713,2057.7489153343718
2004-12-04,2004-12-04 23:00:00,6461,4,23,6,49,12,1257.0,1108.0,830.0,1539.0,1287.0,3.5,13.7,584.0,124.0,14.0,88.7,1.2422,1533.9029487495814
2004-12-05,2004-12-05 23:00:00,6485,5,23,7,49,12,1120.0,935.0,1237.0,1385.0,922.0,2.4,8.9,378.0,106.0,13.2,83.7,1.182,1334.265767729189
2004-12-06,2004-12-06 23:00:00,6509,6,23,1,50,12,1479.0,1465.0,1140.0,2018.0,1572.0,4.9,26.4,712.0,161.0,20.3,81.4,1.1407,1848.514236376037
2004-12-07,2004-12-07 23:00:00,6533,7,23,2,50,12,1407.0,1339.0,1126.0,1638.0,1694.0,4.1,21.6,679.0,155.0,19.4,73.4,1.0581,1620.760600720396
2004-12-08,2004-12-08 23:00:00,6557,8,23,3,50,12,1352.0,1118.0,1305.0,1524.0,1250.0,3.5,14.0,457.0,127.0,17.3,79.3,1.2326,1447.7624193071224
2004-12-09,2004-12-09 23:00:00,6581,9,23,4,50,12,1114.0,1057.0,1972.0,1301.0,1079.0,3.2,12.2,388.0,135.0,15.6,71.7,1.1578,1285.3550915963842
2004-12-10,2004-12-10 23:00:00,6605,10,23,5,50,12,1073.0,1260.0,2683.0,1256.0,1269.0,4.2,18.7,575.0,177.0,18.8,54.6,0.7589,1232.4018884032387
2004-12-11,2004-12-11 23:00:00,6629,11,23,6,50,12,1217.0,1121.0,1105.0,1206.0,1452.0,2.9,14.1,518.0,147.0,18.9,52.5,0.6004,1179.9825535570042
2004-12-12,2004-12-12 23:00:00,6653,12,23,7,50,12,1604.0,1438.0,936.0,1650.0,2018.0,6.3,25.4,968.0,188.0,17.5,69.0,0.7617,1594.401994712247
2004-12-13,2004-12-13 23:00:00,6677,13,23,1,51,12,1881.0,1983.0,1326.0,2271.0,2523.0,9.9,50.8,1479.0,269.0,16.0,70.1,0.8336,2095.7333656688543
2004-12-14,2004-12-14 23:00:00,6701,14,23,2,51,12,1574.0,1568.0,996.0,1843.0,2097.0,9.3,30.7,1310.0,257.0,16.8,77.3,0.9175,1768.5467156426005
2004-12-15,2004-12-15 23:00:00,6725,15,23,3,51,12,,,,,,7.3,,1237.0,229.0,,,,1705.0926566744067
2004-12-16,2004-12-16 23:00:00,6749,16,23,4,51,12,,,,,,9.1,,1253.0,236.0,,,,1705.0926566744067
2004-12-17,2004-12-17 23:00:00,6773,17,23,5,51,12,1325.0,1191.0,819.0,1542.0,1389.0,6.3,16.4,1005.0,213.0,13.3,76.5,1.1106,1705.0926566744067
2004-12-18,2004-12-18 23:00:00,6797,18,23,6,51,12,1256.0,1267.0,1731.0,1448.0,1415.0,4.4,19.0,727.0,179.0,16.6,80.0,1.0658,1382.72981128036
2004-12-19,2004-12-19 23:00:00,6821,19,23,7,51,12,1353.0,1219.0,1169.0,1453.0,1426.0,5.5,17.3,601.0,175.0,7.9,84.5,0.8183,1407.8233487941363
2004-12-20,2004-12-20 23:00:00,6845,20,23,1,52,12,1185.0,1047.0,1393.0,1250.0,1104.0,4.1,11.9,421.0,151.0,9.8,82.8,0.8561,1251.9978191209154
2004-12-21,2004-12-21 23:00:00,6869,21,23,2,52,12,1179.0,1390.0,1726.0,1453.0,1459.0,5.5,23.5,755.0,198.0,8.9,44.7,0.4195,1328.452623669488
2004-12-22,2004-12-22 23:00:00,6893,22,23,3,52,12,1137.0,1161.0,1391.0,1163.0,1354.0,4.1,15.4,638.0,178.0,10.3,53.1,0.4605,1126.809293603528
2004-12-23,2004-12-23 23:00:00,6917,23,23,4,52,12,1704.0,1692.0,1206.0,1832.0,2480.0,9.1,36.3,1220.0,252.0,11.3,61.4,0.5575,1812.814830121588
2004-12-24,2004-12-24 23:00:00,6941,24,23,5,52,12,1561.0,1425.0,691.0,1624.0,2112.0,7.9,24.8,792.0,217.0,10.8,64.1,0.7256,1589.2068682870083
2004-12-25,2004-12-25 23:00:00,6965,25,23,6,52,12,1739.0,1333.0,648.0,1689.0,2100.0,6.2,21.3,821.0,184.0,12.2,82.8,1.0727,1635.6748996542926
2004-12-26,2004-12-26 23:00:00,6989,26,23,7,52,12,1423.0,1116.0,1425.0,1531.0,1381.0,3.8,14.0,598.0,146.0,14.9,82.9,1.1381,1491.295627856006
2004-12-27,2004-12-27 23:00:00,7013,27,23,1,53,12,1256.0,996.0,1322.0,1417.0,1104.0,2.5,10.5,386.0,138.0,15.0,79.6,1.0851,1373.7235703330473
2004-12-28,2004-12-28 23:00:00,7037,28,23,2,53,12,1456.0,1389.0,1266.0,1808.0,1504.0,1.2,23.4,165.0,101.0,14.4,83.5,0.99,1676.2198320419
2004-12-29,2004-12-29 23:00:00,7061,29,23,3,53,12,1035.0,941.0,1198.0,1175.0,979.0,,9.0,,,12.0,83.0,0.9393,1148.7742141698982
2004-12-30,2004-12-30 23:00:00,7085,30,23,4,53,12,1078.0,987.0,1317.0,1152.0,1015.0,,10.2,,,12.6,47.6,0.5546,1098.8506339188302
2004-12-31,2004-12-31 23:00:00,7109,31,23,5,53,12,1055.0,883.0,1568.0,1052.0,1195.0,,7.6,,,13.3,50.7,0.5191,1013.2651357035
2005-01-01,2005-01-01 23:00:00,7133,1,23,6,53,1,1472.0,1198.0,996.0,1344.0,1735.0,4.7,16.6,832.0,191.0,12.8,63.2,0.5961,1277.8650837466434
2005-01-02,2005-01-02 23:00:00,7157,2,23,7,53,1,1347.0,1084.0,994.0,1290.0,2004.0,3.4,13.0,560.0,174.0,13.5,73.1,0.66,1261.0913039888355
2005-01-03,2005-01-03 23:00:00,7181,3,23,1,1,1,,,,,,5.0,,728.0,190.0,,,,1261.0913039888355
2005-01-04,2005-01-04 23:00:00,7205,4,23,2,1,1,,,,,,4.5,,629.0,196.0,,,,1261.0913039888355
2005-01-05,2005-01-05 23:00:00,7229,5,23,3,1,1,1741.0,1438.0,764.0,1790.0,2159.0,5.9,25.3,1130.0,219.0,14.6,72.7,0.9971,1760.1352223703866
2005-01-06,2005-01-06 23:00:00,7253,6,23,4,1,1,1330.0,1063.0,1037.0,1419.0,1365.0,2.8,12.4,488.0,169.0,16.5,72.0,0.9687,1390.440371865784
2005-01-07,2005-01-07 23:00:00,7277,7,23,5,1,1,1493.0,1357.0,1110.0,1652.0,1742.0,5.7,22.2,737.0,180.0,13.3,83.8,0.8706,1631.5193516291956
2005-01-08,2005-01-08 23:00:00,7301,8,23,6,1,1,1616.0,1363.0,926.0,1701.0,1918.0,5.5,22.4,833.0,196.0,14.1,82.6,0.9681,1646.8922321528796
2005-01-09,2005-01-09 23:00:00,7325,9,23,7,1,1,1369.0,1242.0,1063.0,1669.0,1306.0,3.8,18.1,432.0,165.0,16.9,67.3,0.9826,1585.6471015285688
2005-01-10,2005-01-10 23:00:00,7349,10,23,1,2,1,1523.0,1334.0,1059.0,1804.0,1634.0,3.5,21.4,698.0,155.0,14.4,73.3,1.0567,1739.271946475828
2005-01-11,2005-01-11 23:00:00,7373,11,23,2,2,1,1526.0,1466.0,953.0,1855.0,1738.0,5.1,26.5,662.0,162.0,13.8,71.9,1.0087,1740.8565755499924
2005-01-12,2005-01-12 23:00:00,7397,12,23,3,2,1,1526.0,1512.0,807.0,1902.0,1770.0,5.9,28.4,910.0,196.0,15.8,79.4,0.9467,1869.180486426384
2005-01-13,2005-01-13 23:00:00,7421,13,23,4,2,1,1523.0,1470.0,931.0,1811.0,1783.0,5.2,26.6,760.0,178.0,14.2,82.1,0.9166,1728.8051332302985
2005-01-14,2005-01-14 23:00:00,7445,14,23,5,2,1,1512.0,1463.0,877.0,1750.0,1802.0,5.8,26.4,847.0,197.0,12.2,82.9,0.8286,1716.264810542224
2005-01-15,2005-01-15 23:00:00,7469,15,23,6,2,1,1474.0,1319.0,1013.0,1524.0,1784.0,5.2,20.8,816.0,212.0,12.3,86.6,0.7491,1489.0051095100152
2005-01-16,2005-01-16 23:00:00,7493,16,23,7,2,1,1289.0,1104.0,1144.0,1257.0,1499.0,3.8,13.6,531.0,167.0,11.9,69.5,0.6028,1237.650226788107
2005-01-17,2005-01-17 23:00:00,7517,17,23,1,3,1,1683.0,1831.0,1258.0,1964.0,2331.0,8.7,43.0,1230.0,272.0,12.9,63.3,0.517,1789.8414921920132
2005-01-18,2005-01-18 23:00:00,7541,18,23,2,3,1,1620.0,1502.0,1076.0,1733.0,2087.0,5.8,28.0,1099.0,243.0,11.3,83.0,0.9923,1714.4067903620826
2005-01-19,2005-01-19 23:00:00,7565,19,23,3,3,1,1197.0,962.0,1263.0,1298.0,975.0,2.6,9.6,317.0,152.0,10.0,83.8,0.9972,1283.8688707686722
2005-01-20,2005-01-20 23:00:00,7589,20,23,4,3,1,1445.0,1516.0,1315.0,1594.0,1946.0,6.0,28.5,854.0,210.0,15.4,57.6,0.5784,1497.2943292635302
2005-01-21,2005-01-21 23:00:00,7613,21,23,5,3,1,1835.0,1731.0,847.0,2083.0,2254.0,6.4,38.1,1200.0,244.0,13.5,73.8,0.815,1967.9670897543067
2005-01-22,2005-01-22 23:00:00,7637,22,23,6,3,1,1535.0,1327.0,851.0,1524.0,1881.0,2.7,21.1,977.0,246.0,15.8,81.4,0.8495,1540.8876699909006
2005-01-23,2005-01-23 23:00:00,7661,23,23,7,3,1,1174.0,981.0,1165.0,1220.0,1445.0,0.8,10.1,451.0,206.0,8.9,78.2,0.7074,1187.316260487518
2005-01-24,2005-01-24 23:00:00,7685,24,23,1,4,1,1174.0,1018.0,1421.0,1210.0,1149.0,2.0,11.1,355.0,203.0,11.8,80.4,0.6791,1151.9743707276918
2005-01-25,2005-01-25 23:00:00,7709,25,23,2,4,1,991.0,814.0,1785.0,1040.0,812.0,1.1,6.1,297.0,188.0,5.9,62.7,0.4943,1025.209628169736
2005-01-26,2005-01-26 23:00:00,7733,26,23,3,4,1,1024.0,945.0,1881.0,1073.0,1026.0,1.4,9.2,302.0,185.0,5.7,57.7,0.4704,1047.4182771510166
2005-01-27,2005-01-27 23:00:00,7757,27,23,4,4,1,1086.0,1032.0,1531.0,1049.0,1136.0,3.0,11.5,343.0,204.0,7.3,46.8,0.4046,1027.8504936682943
2005-01-28,2005-01-28 23:00:00,7781,28,23,5,4,1,1050.0,909.0,1282.0,1055.0,993.0,3.0,8.2,342.0,206.0,4.7,50.7,0.4271,1013.6502865796288
2005-01-29,2005-01-29 23:00:00,7805,29,23,6,4,1,925.0,678.0,1494.0,861.0,598.0,1.5,3.4,196.0,140.0,4.4,54.7,0.3785,886.235779737805
2005-01-30,2005-01-30 23:00:00,7829,30,23,7,4,1,932.0,715.0,1439.0,825.0,711.0,1.7,4.1,248.0,164.0,8.2,49.7,0.3782,819.8168827615037
2005-01-31,2005-01-31 23:00:00,7853,31,23,1,5,1,1523.0,1570.0,1486.0,1557.0,2214.0,6.8,30.8,984.0,285.0,14.1,45.6,0.4056,1519.1009563723135
2005-02-01,2005-02-01 23:00:00,7877,1,23,2,5,2,1541.0,1353.0,879.0,1492.0,2118.0,4.8,22.1,1017.0,227.0,13.5,68.9,0.6967,1451.374549385541
2005-02-02,2005-02-02 23:00:00,7901,2,23,3,5,2,1549.0,1584.0,846.0,1641.0,2033.0,6.7,31.4,883.0,230.0,14.5,67.5,0.5281,1567.3227465017715
2005-02-03,2005-02-03 23:00:00,7925,3,23,4,5,2,1713.0,1605.0,954.0,1870.0,2203.0,6.7,32.4,980.0,333.0,15.7,65.1,0.6578,1733.061078259051
2005-02-04,2005-02-04 23:00:00,7949,4,23,5,5,2,1411.0,1300.0,974.0,1472.0,1672.0,4.0,20.1,887.0,306.0,15.0,74.5,0.589,1379.3703611838337
2005-02-05,2005-02-05 23:00:00,7973,5,23,6,5,2,1263.0,1074.0,991.0,1198.0,1403.0,4.1,12.7,759.0,310.0,9.7,69.9,0.4633,1133.3184894122305
2005-02-06,2005-02-06 23:00:00,7997,6,23,7,5,2,1065.0,844.0,1169.0,979.0,1117.0,2.0,6.7,351.0,212.0,11.1,53.8,0.3658,941.7755565311
2005-02-07,2005-02-07 23:00:00,8021,7,23,1,6,2,1183.0,996.0,1187.0,1067.0,1396.0,2.8,10.5,471.0,281.0,12.9,49.5,0.4032,1032.2464280756014
2005-02-08,2005-02-08 23:00:00,8045,8,23,2,6,2,1277.0,1153.0,1378.0,1268.0,1520.0,2.9,15.1,493.0,253.0,13.9,46.4,0.4367,1189.7344872660199
2005-02-09,2005-02-09 23:00:00,8069,9,23,3,6,2,,,,,,3.9,,446.0,245.0,,,,830.3181227650964
2005-02-10,2005-02-10 23:00:00,8093,10,23,4,6,2,,,,,,8.4,,1028.0,289.0,,,,830.3181227650964
2005-02-11,2005-02-11 23:00:00,8117,11,23,5,6,2,1521.0,1203.0,530.0,1400.0,2141.0,7.1,16.8,1227.0,340.0,8.5,58.1,0.5885,1400.0
2005-02-12,2005-02-12 23:00:00,8141,12,23,6,6,2,1846.0,1474.0,709.0,1712.0,2494.0,5.7,26.8,952.0,265.0,11.4,69.0,0.7506,1684.355964398168
2005-02-13,2005-02-13 23:00:00,8165,13,23,7,6,2,1751.0,1255.0,881.0,1541.0,2411.0,4.1,18.5,689.0,229.0,19.9,85.0,1.0859,1531.6557858617184
2005-02-14,2005-02-14 23:00:00,8189,14,23,1,7,2,1295.0,1639.0,1063.0,1257.0,1582.0,4.2,33.9,484.0,212.0,13.7,70.0,0.7413,1173.7976757220922
2005-02-15,2005-02-15 23:00:00,8213,15,23,2,7,2,1155.0,1124.0,1491.0,1141.0,1429.0,3.1,14.2,445.0,220.0,12.8,41.5,0.3966,1124.8888873920405
2005-02-16,2005-02-16 23:00:00,8237,16,23,3,7,2,1464.0,1421.0,890.0,1542.0,1746.0,5.6,24.7,854.0,288.0,9.6,54.2,0.4582,1435.8779774574978
2005-02-17,2005-02-17 23:00:00,8261,17,23,4,7,2,1222.0,1081.0,1140.0,1246.0,1334.0,3.3,12.9,602.0,238.0,10.1,48.2,0.5256,1216.2916393991725
2005-02-18,2005-02-18 23:00:00,8285,18,23,5,7,2,1288.0,1228.0,1249.0,1333.0,1502.0,4.8,17.6,632.0,250.0,11.8,52.9,0.4922,1298.0666285134296
2005-02-19,2005-02-19 23:00:00,8309,19,23,6,7,2,1297.0,1061.0,962.0,1203.0,1575.0,3.1,12.3,509.0,250.0,13.8,65.0,0.5084,1180.1214974565041
2005-02-20,2005-02-20 23:00:00,8333,20,23,7,7,2,1228.0,913.0,1148.0,1124.0,1396.0,2.2,8.3,293.0,174.0,10.6,66.5,0.7124,1098.0251913475577
2005-02-21,2005-02-21 23:00:00,8357,21,23,1,8,2,1486.0,1301.0,1317.0,1682.0,1438.0,6.3,20.2,607.0,283.0,8.1,84.3,0.7425,1604.6059118408607
2005-02-22,2005-02-22 23:00:00,8381,22,23,2,8,2,1501.0,1403.0,1349.0,1789.0,1589.0,5.4,24.0,757.0,295.0,11.4,86.6,0.7165,1655.742445292398
2005-02-23,2005-02-23 23:00:00,8405,23,23,3,8,2,1224.0,1071.0,1261.0,1331.0,1254.0,3.1,12.6,431.0,249.0,5.7,83.9,0.6875,1321.6427744199802
2005-02-24,2005-02-24 23:00:00,8429,24,23,4,8,2,1405.0,1230.0,1148.0,1522.0,1658.0,4.0,17.7,645.0,270.0,8.5,85.3,0.7519,1500.8317360692222
2005-02-25,2005-02-25 23:00:00,8453,25,23,5,8,2,1527.0,1502.0,991.0,1868.0,1727.0,5.8,27.9,615.0,202.0,13.0,84.1,0.753,1719.6220144499655
2005-02-26,2005-02-26 23:00:00,8477,26,23,6,8,2,1191.0,1005.0,1121.0,1224.0,1284.0,4.3,10.7,443.0,169.0,9.9,75.1,0.5956,1192.6359107217602
2005-02-27,2005-02-27 23:00:00,8501,27,23,7,8,2,1256.0,1032.0,1079.0,1230.0,1371.0,4.8,11.5,488.0,189.0,12.6,76.3,0.5811,1217.54530357392
2005-02-28,2005-02-28 23:00:00,8525,28,23,1,9,2,947.0,903.0,1665.0,885.0,798.0,2.5,8.1,309.0,150.0,4.0,52.9,0.4338,869.2038978319549
2005-03-01,2005-03-01 23:00:00,8549,1,23,2,9,3,1009.0,958.0,1804.0,935.0,1006.0,2.8,9.5,358.0,159.0,4.1,41.4,0.2693,907.0208129880778
2005-03-02,2005-03-02 23:00:00,8573,2,23,3,9,3,1315.0,1384.0,1307.0,1325.0,1860.0,5.3,23.3,819.0,240.0,11.8,51.4,0.3479,1264.7869726052395
2005-03-03,2005-03-03 23:00:00,8597,3,23,4,9,3,1473.0,1245.0,876.0,1539.0,1785.0,5.4,18.2,907.0,228.0,7.3,84.0,0.7382,1496.3466375029968
2005-03-04,2005-03-04 23:00:00,8621,4,23,5,9,3,1567.0,1502.0,1134.0,1848.0,1913.0,6.1,28.0,959.0,225.0,12.5,81.2,0.6871,1690.062314087053
2005-03-05,2005-03-05 23:00:00,8645,5,23,6,9,3,1225.0,1010.0,1082.0,1284.0,1216.0,3.2,10.9,464.0,199.0,14.0,74.7,0.7248,1253.6880247145907
2005-03-06,2005-03-06 23:00:00,8669,6,23,7,9,3,1201.0,1095.0,1433.0,1220.0,1260.0,3.0,13.3,358.0,194.0,14.8,72.1,0.7143,1208.6551120264664
2005-03-07,2005-03-07 23:00:00,8693,7,23,1,10,3,1176.0,1162.0,1490.0,1148.0,1363.0,4.2,15.4,468.0,224.0,10.6,63.1,0.5381,1118.0316245615559
2005-03-08,2005-03-08 23:00:00,8717,8,23,2,10,3,1419.0,1462.0,1054.0,1599.0,1899.0,5.9,26.3,867.0,246.0,16.5,61.0,0.4716,1479.3910265489121
2005-03-09,2005-03-09 23:00:00,8741,9,23,3,10,3,1573.0,1479.0,985.0,1747.0,2088.0,6.0,27.0,900.0,235.0,18.0,65.3,0.7512,1696.4211045925974
2005-03-10,2005-03-10 23:00:00,8765,10,23,4,10,3,1454.0,1399.0,874.0,1620.0,1833.0,5.4,23.8,863.0,245.0,20.2,80.9,0.6961,1559.436641396445
2005-03-11,2005-03-11 23:00:00,8789,11,23,5,10,3,1452.0,1381.0,999.0,1661.0,1870.0,3.8,23.1,812.0,235.0,19.3,59.7,0.7277,1608.0705787915076
2005-03-12,2005-03-12 23:00:00,8813,12,23,6,10,3,1383.0,1119.0,1029.0,1415.0,1353.0,3.3,14.1,679.0,221.0,18.0,75.3,0.8764,1348.8610460824318
2005-03-13,2005-03-13 23:00:00,8837,13,23,7,10,3,1542.0,1200.0,1184.0,1520.0,1577.0,3.2,16.7,583.0,215.0,19.9,57.8,0.9292,1415.8343187879593
2005-03-14,2005-03-14 23:00:00,8861,14,23,1,11,3,1639.0,1531.0,845.0,1937.0,2001.0,6.5,29.1,782.0,234.0,20.2,74.5,0.9198,1884.4261938789869
2005-03-15,2005-03-15 23:00:00,8885,15,23,2,11,3,1710.0,1632.0,1049.0,2028.0,2140.0,7.4,33.5,841.0,248.0,23.6,69.8,0.9193,1940.8025426609854
2005-03-16,2005-03-16 23:00:00,8909,16,23,3,11,3,1545.0,1460.0,967.0,1809.0,1915.0,4.9,26.2,735.0,229.0,28.8,70.9,0.8222,1665.5258591573856
2005-03-17,2005-03-17 23:00:00,8933,17,23,4,11,3,1583.0,1457.0,997.0,1808.0,1976.0,5.6,26.1,745.0,240.0,28.3,68.4,0.7977,1696.080034332803
2005-03-18,2005-03-18 23:00:00,8957,18,23,5,11,3,1545.0,1466.0,922.0,1822.0,1883.0,5.6,26.5,701.0,241.0,25.9,68.6,0.9539,1701.0890563364264
2005-03-19,2005-03-19 23:00:00,8981,19,23,6,11,3,1435.0,1140.0,907.0,1550.0,1530.0,3.3,14.7,484.0,200.0,21.7,68.3,0.9882,1503.3411338442097
2005-03-20,2005-03-20 23:00:00,9005,20,23,7,11,3,1403.0,1142.0,966.0,1518.0,1419.0,4.0,14.8,590.0,179.0,23.1,66.2,1.025,1463.117532843257
2005-03-21,2005-03-21 23:00:00,9029,21,23,1,12,3,1653.0,1573.0,944.0,2147.0,1920.0,6.4,31.0,723.0,232.0,23.8,73.8,1.054,1941.1305018603714
2005-03-22,2005-03-22 23:00:00,9053,22,23,2,12,3,1557.0,1499.0,1069.0,1945.0,1817.0,5.8,27.8,605.0,198.0,25.5,70.9,1.0895,1751.1936671584272
2005-03-23,2005-03-23 23:00:00,9077,23,23,3,12,3,1663.0,1610.0,891.0,1975.0,2159.0,7.2,32.6,874.0,230.0,24.5,68.6,1.1045,1879.653099210842
2005-03-24,2005-03-24 23:00:00,9101,24,23,4,12,3,1818.0,1675.0,889.0,2143.0,2129.0,7.5,35.5,847.0,232.0,24.1,67.9,1.2217,2040.5265737302807
2005-03-25,2005-03-25 23:00:00,9125,25,23,5,12,3,1673.0,1484.0,858.0,2008.0,1812.0,5.7,27.2,649.0,196.0,21.7,82.8,1.2817,1950.8083419709928
2005-03-26,2005-03-26 23:00:00,9149,26,23,6,12,3,1372.0,1054.0,711.0,1534.0,1463.0,2.5,12.1,369.0,128.0,25.7,71.3,1.3135,1530.0856310369174
2005-03-27,2005-03-27 23:00:00,9173,27,23,7,12,3,1220.0,829.0,878.0,1393.0,1133.0,2.1,6.4,307.0,126.0,18.6,83.6,1.393,1379.09725587947
2005-03-28,2005-03-28 23:00:00,9197,28,23,1,13,3,1307.0,1063.0,955.0,1432.0,1224.0,3.7,12.4,508.0,175.0,25.1,80.6,1.2839,1406.3595519994424
2005-03-29,2005-03-29 23:00:00,9221,29,23,2,13,3,1519.0,1461.0,1117.0,2005.0,1648.0,5.1,26.3,623.0,181.0,19.6,71.8,1.2047,1833.435417013712
2005-03-30,2005-03-30 23:00:00,9245,30,23,3,13,3,1360.0,1295.0,1108.0,1639.0,1890.0,4.2,19.9,475.0,193.0,26.6,77.9,1.126,1603.6831028574672
2005-03-31,2005-03-31 23:00:00,9269,31,23,4,13,3,1531.0,1394.0,1015.0,1860.0,1683.0,4.1,23.6,673.0,170.0,24.0,74.2,1.1171,1650.1311259069266
2005-04-01,2005-04-01 23:00:00,9293,1,23,5,13,4,1044.0,874.0,1257.0,1158.0,909.0,2.2,7.4,313.0,160.0,19.9,50.6,0.7783,1117.5628363145477
2005-04-02,2005-04-02 23:00:00,9317,2,23,6,13,4,965.0,803.0,1223.0,958.0,889.0,1.5,5.8,280.0,174.0,22.0,43.3,0.6184,941.7605454561847
2005-04-03,2005-04-03 23:00:00,9341,3,23,7,13,4,1248.0,1018.0,1118.0,1289.0,1372.0,2.7,11.1,367.0,187.0,30.0,52.7,0.8642,1192.1991271520699
2005-04-04,2005-04-04 14:00:00,9356,4,14,1,14,4,1446.0,1362.0,1116.0,1777.0,1729.0,5.0,22.4,594.0,190.0,28.5,63.1,0.8275,1660.1687114827935
