Date,idx,Day,Hour,Weekday,Week,Month,PT08.S1(CO),PT08.S2(NMHC),PT08.S3(NOx),PT08.S4(NO2),PT08.S5(O3),CO(GT),C6H6(GT),NOx(GT),NO2(GT),T,RH,AH,ewma
2004-03-10,2.5,10.0,20.5,3.0,11.0,3.0,1316.5,912.3333333333334,1167.3333333333333,1545.5,1096.0,1.9666666666666666,8.450000000000001,132.0,108.83333333333333,12.033333333333333,54.9,0.7656333333333333,1563.8582372173285
2004-03-11,17.5,11.0,11.5,4.0,11.0,3.0,1244.1666666666667,851.9583333333334,1277.25,1522.8333333333333,885.25,2.2391304347826084,7.979166666666665,144.3913043478261,99.8695652173913,9.837499999999999,64.07499999999999,0.7757666666666667,1524.837036781844
2004-03-12,41.5,12.0,11.5,5.0,11.0,3.0,1281.6666666666667,1008.2916666666666,1101.875,1627.2916666666667,1084.375,2.8045454545454547,12.129166666666665,173.72727272727272,116.27272727272727,11.287500000000001,51.09583333333333,0.6631041666666667,1613.8673310228842
2004-03-13,65.5,13.0,11.5,6.0,11.0,3.0,1330.6666666666667,992.8333333333334,993.2083333333334,1595.7916666666667,1245.9166666666667,2.695652173913044,10.916666666666664,184.43478260869566,118.8695652173913,12.866666666666667,51.533333333333324,0.7322958333333333,1602.4162469048924
2004-03-14,89.5,14.0,11.5,7.0,11.0,3.0,1361.125,943.9166666666666,1001.2916666666666,1602.375,1234.2083333333333,2.4695652173913047,9.6375,146.6086956521739,110.3913043478261,16.0125,48.85,0.8496708333333332,1602.8862543484809
2004-03-15,113.5,15.0,11.5,1.0,12.0,3.0,1452.1666666666667,1138.9166666666667,845.625,1888.625,1439.0833333333333,3.5043478260869567,16.091666666666665,215.1304347826087,118.73913043478261,17.366666666666667,50.32083333333333,0.9440291666666667,1887.6406951200788
2004-03-16,137.5,16.0,11.5,2.0,12.0,3.0,1339.6666666666667,1061.9166666666667,939.2916666666666,1726.625,1322.625,2.7695652173913046,13.500000000000002,181.6086956521739,118.17391304347827,18.624999999999996,44.837500000000006,0.8710208333333335,1727.5665646632167
2004-03-17,161.5,17.0,11.5,3.0,12.0,3.0,1362.8333333333333,1099.0833333333333,930.6666666666666,1741.2083333333333,1405.875,3.07391304347826,15.237499999999999,199.95652173913044,119.95652173913044,18.77916666666667,41.166666666666664,0.8049166666666667,1737.5687964379447
2004-03-18,185.5,18.0,11.5,4.0,12.0,3.0,1352.6666666666667,1072.5833333333333,901.1666666666666,1702.8333333333333,1301.0,2.7000000000000006,13.795833333333334,176.52173913043478,125.1304347826087,17.762500000000003,44.0875,0.8260166666666665,1707.47829235528
2004-03-19,209.5,19.0,11.5,5.0,12.0,3.0,1304.2916666666667,1058.0,913.375,1745.4166666666667,1095.7916666666667,2.965217391304347,13.520833333333336,180.08695652173913,118.08695652173913,14.191666666666665,57.90416666666666,0.9239583333333333,1745.3483391478655
2004-03-20,233.5,20.0,11.5,6.0,12.0,3.0,1288.625,911.9583333333334,968.4583333333334,1609.0833333333333,1019.0,2.11304347826087,8.754166666666666,131.95652173913044,97.30434782608695,15.862499999999999,52.18333333333333,0.9289958333333334,1606.9629890778085
2004-03-21,257.5,21.0,11.5,7.0,12.0,3.0,1252.7083333333333,870.625,975.6666666666666,1601.7916666666667,954.25,1.9913043478260866,7.595833333333334,116.82608695652173,89.17391304347827,17.212500000000002,52.45416666666666,1.0063208333333336,1603.2798734857834
2004-03-22,281.5,22.0,11.5,1.0,13.0,3.0,1129.3333333333333,911.5416666666666,1062.25,1595.3333333333333,857.875,2.139130434782609,9.4125,124.52173913043478,90.52173913043478,17.358333333333334,44.83333333333334,0.8579333333333334,1598.7723124898996
2004-03-23,305.5,23.0,11.5,2.0,13.0,3.0,1122.1666666666667,896.625,1073.5416666666667,1557.0,892.7083333333334,2.0043478260869563,8.962500000000002,126.3913043478261,97.0,12.133333333333333,60.46666666666667,0.8425000000000001,1557.714166161468
2004-03-24,329.5,24.0,11.5,3.0,13.0,3.0,1149.0416666666667,888.875,1040.75,1541.625,909.9583333333334,2.1,8.625000000000002,129.0,96.52173913043478,11.674999999999999,59.0875,0.7967083333333335,1542.1237654008519
2004-03-25,353.5,25.0,11.5,4.0,13.0,3.0,1084.9583333333333,859.7083333333334,1124.2083333333333,1494.6666666666667,800.4583333333334,1.9041666666666668,8.095833333333333,115.6086956521739,89.30434782608695,11.633333333333333,58.79583333333334,0.7820791666666668,1495.279104656932
2004-03-26,377.5,26.0,11.5,5.0,13.0,3.0,1084.7083333333333,892.5,1032.2083333333333,1457.625,888.5,1.879166666666667,8.424999999999999,121.08695652173913,92.43478260869566,11.666666666666664,51.291666666666664,0.6764916666666666,1459.8240275477503
2004-03-27,401.5,27.0,11.5,6.0,13.0,3.0,1095.125,873.125,1046.0833333333333,1425.8333333333333,900.75,1.8434782608695655,7.7625,111.65217391304348,93.04347826086956,12.58333333333333,46.54166666666666,0.64155,1421.5811287083488
2004-03-28,425.5,28.0,11.5,7.0,13.0,3.0,1059.7083333333333,783.4583333333334,1121.75,1348.0833333333333,783.75,1.5625,5.566666666666666,86.95652173913044,79.1304347826087,13.458333333333334,45.72499999999999,0.6638875000000001,1353.4492464647012
2004-03-29,449.5,29.0,11.5,1.0,14.0,3.0,992.0,762.2083333333334,1194.0833333333333,1275.5833333333333,630.7083333333334,1.4666666666666668,5.570833333333334,94.0,84.56521739130434,13.387500000000001,37.666666666666664,0.5602791666666666,1277.6814523373944
2004-03-30,473.5,30.0,11.5,2.0,14.0,3.0,1187.0416666666667,912.9166666666666,1019.875,1447.0,1003.9166666666666,2.2,9.508333333333331,135.65217391304347,102.26086956521739,15.508333333333335,34.4625,0.5942958333333334,1441.9275402730934
2004-03-31,497.5,31.0,11.5,3.0,14.0,3.0,1181.125,863.2916666666666,1015.4583333333334,1513.5416666666667,904.25,1.9249999999999998,7.8708333333333345,121.56521739130434,96.43478260869566,13.5875,55.025000000000006,0.8417916666666668,1512.5185138591798
2004-04-01,521.5,1.0,11.5,4.0,14.0,4.0,1244.3809523809523,1010.4285714285714,880.6666666666666,1644.3809523809523,1155.857142857143,2.55,11.971428571428572,161.30434782608697,96.73913043478261,15.51904761904762,51.13333333333334,0.8548809523809522,1626.2820391251428
2004-04-02,545.5,2.0,11.5,5.0,14.0,4.0,1288.9166666666667,1059.2916666666667,844.1666666666666,1708.7083333333333,1197.375,2.8000000000000003,13.208333333333336,153.65217391304347,118.52173913043478,17.941666666666666,49.10416666666666,0.9348875000000002,1706.2919020964562
2004-04-03,569.5,3.0,11.5,6.0,14.0,4.0,1307.2083333333333,989.7083333333334,862.4583333333334,1659.125,1140.4583333333333,1.56,10.887500000000001,111.33333333333333,86.33333333333333,19.133333333333336,45.699999999999996,0.9607041666666666,1658.5997527381312
2004-04-04,593.5,4.0,11.5,7.0,14.0,4.0,1202.7916666666667,856.7916666666666,939.7083333333334,1562.375,824.7916666666666,,7.212499999999999,,,18.89166666666667,50.162499999999994,1.0414875000000001,1565.5979387371808
2004-04-05,617.5,5.0,11.5,1.0,15.0,4.0,1283.625,970.5416666666666,877.2083333333334,1703.4583333333333,1069.9583333333333,2.757142857142857,10.845833333333333,157.64285714285714,107.92857142857143,16.8625,53.95416666666668,1.0167624999999998,1702.7877021942384
2004-04-06,641.5,6.0,11.5,2.0,15.0,4.0,1200.5416666666667,969.875,889.5833333333334,1663.7916666666667,941.2083333333334,2.233333333333333,10.941666666666665,136.69565217391303,96.04347826086956,16.925,48.20416666666666,0.9090541666666666,1666.822400543196
2004-04-07,665.5,7.0,11.5,3.0,15.0,4.0,1051.7916666666667,823.1666666666666,1090.125,1470.25,685.4583333333334,1.6375,6.974999999999999,100.78260869565217,85.26086956521739,14.320833333333335,54.71666666666666,0.8671875,1469.4167867428162
2004-04-08,689.5,8.0,11.5,4.0,15.0,4.0,1157.1739130434783,1013.4782608695652,905.8260869565217,1598.608695652174,1084.304347826087,2.5782608695652174,12.039130434782608,154.43478260869566,105.91304347826087,14.500000000000002,49.391304347826086,0.7362478260869566,1593.0166817937907
2004-04-09,713.5,9.0,11.5,5.0,15.0,4.0,1176.0,917.0,866.0,1560.0,1151.0,2.454166666666666,8.4,183.8695652173913,112.91304347826087,12.0,67.9,0.9523,1460.8729525381734
2004-04-10,737.5,10.0,11.5,6.0,15.0,4.0,1051.4166666666667,869.75,973.9583333333334,1467.8333333333333,872.625,1.7541666666666664,7.445833333333333,117.21739130434783,90.65217391304348,15.09166666666667,49.166666666666664,0.7815083333333334,1467.3947121269375
2004-04-11,761.5,11.0,11.5,7.0,15.0,4.0,940.0,707.9583333333334,1202.8333333333333,1265.6666666666667,631.7083333333334,1.2043478260869567,4.058333333333333,64.52173913043478,67.95652173913044,14.774999999999999,43.76249999999999,0.6673416666666666,1273.2921056281214
2004-04-12,785.5,12.0,11.5,1.0,16.0,4.0,930.0416666666666,599.75,1376.25,1217.7916666666667,462.5833333333333,0.8624999999999999,2.3458333333333337,63.95652173913044,66.1304347826087,12.2125,52.97916666666668,0.7398625,1216.8791546030889
2004-04-13,809.5,13.0,11.5,2.0,16.0,4.0,1111.0,912.8333333333334,988.875,1542.2083333333333,941.9583333333334,2.054166666666667,9.404166666666667,144.65217391304347,93.95652173913044,13.058333333333337,53.04999999999999,0.7821874999999999,1536.42065117179
2004-04-14,833.5,14.0,11.5,3.0,16.0,4.0,1143.75,959.4583333333334,898.25,1582.0833333333333,1104.2916666666667,2.141666666666667,10.312500000000002,140.33333333333334,83.5,15.487499999999999,47.35833333333333,0.7877291666666668,1582.9912407111212
2004-04-15,857.5,15.0,11.5,4.0,16.0,4.0,1325.9583333333333,1085.25,814.0833333333334,1732.4166666666667,1351.6666666666667,4.1866666666666665,14.579166666666667,247.8,130.53333333333333,14.841666666666663,51.22083333333333,0.8357916666666668,1729.5711769669406
2004-04-16,881.5,16.0,11.5,5.0,16.0,4.0,1330.0833333333333,1069.0,763.2916666666666,1793.0833333333333,1221.625,3.304166666666667,13.341666666666667,203.91304347826087,113.69565217391305,14.091666666666667,69.34166666666668,1.0991541666666669,1790.784030011435
2004-04-17,905.5,17.0,11.5,6.0,16.0,4.0,1064.75,828.625,960.9166666666666,1553.1666666666667,838.1666666666666,2.233333333333334,6.479166666666668,130.66666666666666,90.33333333333333,15.545833333333333,64.27916666666665,1.0987625000000003,1554.2852206356417
2004-04-18,929.5,18.0,11.5,7.0,16.0,4.0,1071.1666666666667,800.625,994.375,1559.0416666666667,768.9583333333334,,6.016666666666666,,,15.595833333333331,64.1375,1.12185,1558.7591902874935
2004-04-19,953.5,19.0,11.5,1.0,17.0,4.0,1055.5833333333333,872.5,943.9166666666666,1586.9583333333333,869.5,,7.850000000000001,,,13.612499999999999,67.43333333333334,1.0309874999999997,1591.8779953789772
2004-04-20,977.5,20.0,11.5,2.0,17.0,4.0,1151.0,1034.5833333333333,893.875,1738.8333333333333,1088.8333333333333,,13.037500000000001,,,16.258333333333333,56.90833333333334,0.9805083333333334,1735.3947618522068
2004-04-21,1001.5,21.0,11.5,3.0,17.0,4.0,1174.2083333333333,1078.3333333333333,865.2916666666666,1725.0833333333333,1154.9166666666667,,14.375,,,19.083333333333336,45.00000000000001,0.9005041666666666,1726.1720427399423
2004-04-22,1025.5,22.0,11.5,4.0,17.0,4.0,1158.875,1072.2916666666667,878.5,1683.125,1139.4166666666667,,14.108333333333333,,,21.062499999999996,39.30833333333333,0.8835916666666667,1684.1840730172473
2004-04-23,1049.5,23.0,11.5,5.0,17.0,4.0,1302.5833333333333,1163.1666666666667,797.875,1801.7083333333333,1388.0833333333333,3.5631578947368423,16.933333333333334,210.3684210526316,135.0,21.229166666666668,39.15,0.9110624999999999,1798.0323883233461
2004-04-24,1073.5,24.0,11.5,6.0,17.0,4.0,1240.7916666666667,976.3333333333334,840.8333333333334,1667.5416666666667,1119.2083333333333,2.0913043478260867,10.454166666666666,115.65217391304348,91.73913043478261,20.083333333333332,48.520833333333336,1.0794291666666669,1673.134177551662
2004-04-25,1097.5,25.0,11.5,7.0,17.0,4.0,916.4583333333334,695.125,1274.3333333333333,1267.2916666666667,514.2083333333334,1.2434782608695654,4.129166666666666,67.8695652173913,63.608695652173914,15.625000000000005,41.19583333333333,0.7005250000000002,1266.7072538135728
2004-04-26,1121.5,26.0,11.5,1.0,18.0,4.0,958.0833333333334,778.5833333333334,1143.25,1367.5416666666667,650.75,1.4956521739130437,5.808333333333334,87.0,77.30434782608695,16.795833333333338,38.55833333333333,0.7247291666666666,1369.4723765937
2004-04-27,1145.5,27.0,11.5,2.0,18.0,4.0,1124.0,985.4166666666666,944.7916666666666,1581.375,953.4166666666666,2.2260869565217387,11.316666666666665,127.3913043478261,94.6086956521739,20.616666666666664,35.55416666666667,0.8142166666666665,1576.0701133156344
2004-04-28,1169.5,28.0,11.5,3.0,18.0,4.0,1293.125,1111.0416666666667,792.8333333333334,1783.9166666666667,1291.375,2.821739130434782,15.179166666666667,157.82608695652175,111.8695652173913,21.09166666666667,42.775,1.010475,1782.514352426275
2004-04-29,1193.5,29.0,11.5,4.0,18.0,4.0,1322.6666666666667,1141.2916666666667,757.8333333333334,1873.0833333333333,1364.875,3.130434782608696,16.208333333333336,183.04347826086956,105.1304347826087,18.916666666666668,51.191666666666656,1.0685458333333335,1868.4982346180784
2004-04-30,1217.5,30.0,11.5,5.0,18.0,4.0,1330.0833333333333,1103.5833333333333,732.125,1916.9583333333333,1306.125,2.9695652173913043,14.170833333333334,175.2173913043478,103.6086956521739,17.995833333333334,66.57083333333334,1.3452291666666667,1916.6585273139765
2004-05-01,1241.5,1.0,11.5,6.0,18.0,5.0,1097.5,913.7083333333334,918.0833333333334,1640.4166666666667,904.625,2.056521739130435,8.662500000000001,104.73913043478261,84.95652173913044,20.150000000000002,52.18333333333333,1.1673125,1643.0148996167343
2004-05-02,1265.5,2.0,11.5,7.0,18.0,5.0,1055.7083333333333,858.9166666666666,955.5,1575.4166666666667,872.0416666666666,1.608695652173913,7.270833333333332,96.8695652173913,79.69565217391305,19.591666666666665,49.566666666666656,1.0740666666666667,1579.5063806967019
2004-05-03,1289.5,3.0,11.5,1.0,19.0,5.0,1165.0833333333333,995.5,861.0416666666666,1725.375,1029.7083333333333,2.1695652173913045,11.550000000000002,135.91304347826087,89.65217391304348,21.23333333333333,48.75416666666667,1.1285291666666668,1723.8465877889494
2004-05-04,1313.5,4.0,11.5,2.0,19.0,5.0,1143.7916666666667,971.7083333333334,860.0833333333334,1795.875,929.9583333333334,2.304347826086957,10.891666666666667,132.04347826086956,84.47826086956522,18.0125,66.27499999999999,1.3368041666666668,1797.5576641007647
2004-05-05,1337.5,5.0,11.5,3.0,19.0,5.0,1079.1666666666667,942.9166666666666,916.5833333333334,1737.625,871.125,2.109090909090909,10.187499999999998,125.0,84.5909090909091,16.2375,66.89166666666667,1.2174208333333334,1738.7836641670838
2004-05-06,1361.5,6.0,11.5,4.0,19.0,5.0,1000.5,897.3333333333334,991.0416666666666,1607.5416666666667,795.5,1.9956521739130435,8.775,121.56521739130434,89.6086956521739,14.316666666666665,62.779166666666676,1.0046208333333333,1606.9555794527198
2004-05-07,1385.5,7.0,11.5,5.0,19.0,5.0,999.4166666666666,936.875,924.7083333333334,1601.0416666666667,814.4166666666666,2.1913043478260867,9.537500000000001,129.17391304347825,96.78260869565217,15.458333333333327,55.58333333333334,0.9385916666666668,1601.0144564215552
2004-05-08,1409.5,8.0,11.5,6.0,19.0,5.0,1002.2916666666666,839.5,1021.5,1505.4166666666667,767.1666666666666,1.4000000000000001,7.129166666666669,76.0,66.0,14.283333333333337,59.30833333333333,0.9350458333333331,1506.2704521825156
2004-05-09,1433.5,9.0,11.5,7.0,19.0,5.0,1020.9166666666666,837.25,950.4166666666666,1519.5833333333333,813.7083333333334,,6.695833333333334,,,15.258333333333335,56.92083333333332,0.9671708333333332,1517.6241755633073
2004-05-10,1457.5,10.0,11.5,1.0,20.0,5.0,1110.4583333333333,1041.5416666666667,857.9583333333334,1747.5416666666667,1010.25,2.5466666666666673,13.137500000000001,151.13333333333333,106.6,17.9375,50.462500000000006,0.9980541666666668,1748.1490797334206
2004-05-11,1481.5,11.0,11.5,2.0,20.0,5.0,1206.0,1111.5,811.4166666666666,1804.375,1202.125,2.7956521739130435,15.491666666666667,175.56521739130434,103.34782608695652,18.962500000000002,48.05416666666667,0.9800458333333334,1799.3712662653913
2004-05-12,1505.5,12.0,11.5,3.0,20.0,5.0,1213.8333333333333,1062.625,778.625,1799.4166666666667,1182.25,2.6304347826086953,13.604166666666663,171.65217391304347,100.21739130434783,17.20416666666667,56.320833333333326,1.0920958333333333,1806.72770859058
2004-05-13,1529.5,13.0,11.5,4.0,20.0,5.0,1126.0416666666667,974.9166666666666,878.9583333333334,1682.2916666666667,980.625,2.404347826086956,10.970833333333331,153.65217391304347,104.52173913043478,17.670833333333334,51.34166666666667,1.0258666666666667,1673.1152367564725
2004-05-14,1553.5,14.0,11.5,5.0,20.0,5.0,1121.8333333333333,1069.25,813.8333333333334,1669.4166666666667,1157.3333333333333,2.4272727272727272,13.020833333333334,153.27272727272728,115.81818181818181,21.83333333333334,37.30833333333333,0.8978875000000001,1676.7780855385884
2004-05-15,1577.5,15.0,11.5,6.0,20.0,5.0,1043.5833333333333,930.125,938.7083333333334,1497.8333333333333,975.5,1.7826086956521738,9.058333333333334,116.43478260869566,93.82608695652173,21.037499999999998,34.387499999999996,0.8069833333333332,1497.0058685088295
2004-05-16,1601.5,16.0,11.5,7.0,20.0,5.0,1034.4583333333333,841.2083333333334,1010.0833333333334,1442.7083333333333,773.5833333333334,1.4,6.95,80.34782608695652,81.43478260869566,22.362499999999994,34.8375,0.8879916666666668,1447.1487591278194
2004-05-17,1625.5,17.0,11.5,1.0,21.0,5.0,986.5416666666666,886.8333333333334,1047.5416666666667,1394.7083333333333,798.5416666666666,1.682608695652174,8.237499999999999,116.26086956521739,91.69565217391305,21.349999999999998,26.02083333333334,0.6353333333333333,1393.542971773052
2004-05-18,1649.5,18.0,11.5,2.0,21.0,5.0,1157.9583333333333,1018.7083333333334,887.2916666666666,1647.5833333333333,1075.0833333333333,2.2869565217391306,12.466666666666667,135.0,101.08695652173913,23.754166666666674,30.983333333333334,0.8575083333333332,1645.433267379872
2004-05-19,1673.5,19.0,11.5,3.0,21.0,5.0,1196.9583333333333,1041.9583333333333,827.7916666666666,1703.2916666666667,1076.5833333333333,2.365217391304348,12.958333333333336,135.69565217391303,113.21739130434783,22.987499999999997,37.69166666666667,0.9914083333333332,1700.6486264532975
2004-05-20,1697.5,20.0,11.5,4.0,21.0,5.0,1237.375,1055.7083333333333,806.2916666666666,1724.5833333333333,1087.125,2.426086956521739,13.279166666666669,142.30434782608697,113.47826086956522,23.650000000000006,37.433333333333316,1.0030458333333334,1723.6768217434612
2004-05-21,1721.5,21.0,11.5,5.0,21.0,5.0,1210.9583333333333,1039.4583333333333,817.0,1679.625,1108.0,2.2652173913043474,12.6625,144.56521739130434,108.30434782608695,23.48333333333333,34.72083333333334,0.9292125000000001,1679.061940281227
2004-05-22,1745.5,22.0,11.5,6.0,21.0,5.0,1235.4583333333333,1006.6666666666666,792.8333333333334,1706.625,1080.2083333333333,2.008695652173913,11.120833333333332,114.73913043478261,91.82608695652173,22.037499999999998,42.35416666666666,1.0831208333333333,1703.0290065342151
2004-05-23,1769.5,23.0,11.5,7.0,21.0,5.0,1058.6666666666667,812.0416666666666,1006.25,1531.8333333333333,765.9166666666666,1.3000000000000003,6.433333333333333,74.69565217391305,68.47826086956522,22.3625,41.75833333333333,1.0685916666666664,1541.3115121367348
2004-05-24,1793.5,24.0,11.5,1.0,22.0,5.0,879.5,781.875,1212.1666666666667,1246.4583333333333,617.0833333333334,1.1318181818181818,5.945833333333334,91.6086956521739,76.43478260869566,19.937500000000004,25.666666666666668,0.5586041666666667,1251.6968745418123
2004-05-25,1817.5,25.0,11.5,2.0,22.0,5.0,997.3684210526316,952.578947368421,1037.3684210526317,1368.2631578947369,932.2631578947369,1.6416666666666666,10.83157894736842,117.85714285714286,88.14285714285714,22.42105263157895,21.326315789473682,0.4873947368421052,1432.868416920374
2004-05-26,1841.5,26.0,11.5,3.0,22.0,5.0,1098.0666666666666,1182.0666666666666,1081.6666666666667,1500.2,1149.8,1.9875,16.64,140.42857142857142,118.71428571428571,27.286666666666672,21.6,0.7360466666666666,1585.0624041664157
2004-05-27,1865.5,27.0,11.5,4.0,22.0,5.0,1087.7083333333333,1040.7916666666667,1022.75,1615.7916666666667,1027.9166666666667,,12.804166666666669,,,22.854166666666668,32.06666666666667,0.8372958333333331,1615.6762333905544
2004-05-28,1889.5,28.0,11.5,5.0,22.0,5.0,1037.0416666666667,984.8333333333334,984.375,1622.2083333333333,919.0,1.688888888888889,10.704166666666666,125.11111111111111,108.88888888888889,21.341666666666672,41.14166666666667,0.99045,1620.0375900973097
2004-05-29,1913.5,29.0,11.5,6.0,22.0,5.0,880.9583333333334,776.7083333333334,1242.7916666666667,1407.4583333333333,615.75,0.8454545454545456,5.495833333333333,80.8695652173913,78.73913043478261,20.270833333333332,39.06250000000001,0.9044208333333333,1408.0108554191168
2004-05-30,1937.5,30.0,11.5,7.0,22.0,5.0,875.9583333333334,788.625,1212.25,1383.9583333333333,656.9166666666666,0.6565217391304348,5.791666666666667,67.95652173913044,74.78260869565217,23.712499999999995,31.28333333333333,0.8442125000000001,1387.7743574276817
2004-05-31,1961.5,31.0,11.5,1.0,23.0,5.0,1007.0,977.125,974.4583333333334,1663.3333333333333,868.25,1.52,11.02083333333333,115.69565217391305,93.08695652173913,22.79166666666666,42.87083333333334,1.1112874999999998,1658.6864772709962
2004-06-01,1985.5,1.0,11.5,2.0,23.0,6.0,1135.5833333333333,1021.875,896.7916666666666,1881.5,1066.9583333333333,2.1000000000000005,12.375000000000002,152.04347826086956,75.8695652173913,20.325,66.15416666666667,1.5333500000000002,1876.5346281325885
2004-06-02,2009.5,2.0,11.5,3.0,23.0,6.0,977.4583333333334,856.7083333333334,1009.0833333333334,1697.9583333333333,823.1666666666666,0.8,7.262499999999999,70.30434782608695,49.130434782608695,23.895833333333332,52.68333333333334,1.4779875000000002,1701.2146240323575
2004-06-03,2033.5,3.0,11.5,4.0,23.0,6.0,991.7083333333334,986.75,958.5,1729.25,992.6666666666666,,10.966666666666667,130.0,66.3,23.308333333333334,45.94999999999999,1.2181916666666668,1732.0814255235698
2004-06-04,2057.5,4.0,11.5,5.0,23.0,6.0,967.7083333333334,938.8333333333334,1001.6666666666666,1643.1666666666667,833.25,2.8625,9.487499999999999,,,23.408333333333335,39.420833333333334,1.0900958333333333,1640.538783496496
2004-06-05,2081.5,5.0,11.5,6.0,23.0,6.0,962.625,891.2916666666666,975.1666666666666,1660.5,852.5416666666666,1.45,8.0125,93.75,76.9,23.887500000000006,45.070833333333326,1.2747666666666666,1662.4444819291023
2004-06-06,2105.5,6.0,11.5,7.0,23.0,6.0,849.9166666666666,751.9583333333334,1139.0416666666667,1516.4583333333333,629.25,1.0,4.920833333333333,65.6086956521739,62.91304347826087,21.90416666666667,48.72916666666665,1.1993208333333334,1517.3719118416227
2004-06-07,2129.5,7.0,11.5,1.0,24.0,6.0,973.8333333333334,1031.8333333333333,919.9583333333334,1756.3333333333333,957.25,2.2260869565217387,12.479166666666664,160.3913043478261,101.95652173913044,25.558333333333326,37.7125,1.1236166666666665,1754.6498616476101
2004-06-08,2153.5,8.0,11.5,2.0,24.0,6.0,1069.5833333333333,1086.5,870.5416666666666,1861.4166666666667,1095.6666666666667,2.4583333333333335,14.458333333333334,172.0909090909091,113.5909090909091,27.31666666666666,38.350000000000016,1.2559249999999997,1861.103687202761
2004-06-09,2177.5,9.0,11.5,3.0,24.0,6.0,1122.3333333333333,1114.125,803.4166666666666,1872.5416666666667,1179.2916666666667,2.4666666666666663,14.912500000000001,164.08695652173913,127.1304347826087,29.441666666666666,35.845833333333346,1.313870833333333,1872.3562163009701
2004-06-10,2201.5,10.0,11.5,4.0,24.0,6.0,1121.4166666666667,1114.5,794.3333333333334,1880.375,1128.0416666666667,2.6608695652173915,14.824999999999998,175.34782608695653,125.26086956521739,29.02499999999999,36.65833333333334,1.3289499999999999,1878.0252005582736
2004-06-11,2225.5,11.0,11.5,5.0,24.0,6.0,1035.25,1056.25,851.125,1732.3333333333333,1048.9583333333333,2.1869565217391305,13.041666666666666,161.54545454545453,113.61904761904762,28.424999999999997,29.583333333333343,1.0332833333333333,1738.5913227419853
2004-06-12,2249.5,12.0,11.5,6.0,24.0,6.0,1023.2916666666666,901.5416666666666,894.2916666666666,1616.6666666666667,868.125,1.3166666666666669,8.295833333333333,87.08695652173913,79.30434782608695,27.325,33.554166666666674,1.1616166666666667,1609.8001533112863
2004-06-13,2273.5,13.0,11.5,7.0,24.0,6.0,846.5833333333334,641.7083333333334,1263.25,1395.2916666666667,498.2083333333333,0.7291666666666666,2.9749999999999996,50.08695652173913,55.30434782608695,22.304166666666664,42.841666666666676,1.1435,1405.7202685584732
2004-06-14,2297.5,14.0,11.5,1.0,25.0,6.0,878.875,736.2083333333334,1185.25,1494.0833333333333,600.1666666666666,1.2130434782608694,4.966666666666667,80.47826086956522,67.3913043478261,22.183333333333334,43.89166666666667,1.1538916666666668,1490.8806236261719
2004-06-15,2321.5,15.0,11.5,2.0,25.0,6.0,999.7916666666666,1011.0833333333334,900.4583333333334,1744.2916666666667,935.9583333333334,2.1541666666666672,11.987500000000002,138.52173913043478,104.04347826086956,26.575,36.06666666666666,1.1686416666666666,1739.709701650391
2004-06-16,2345.5,16.0,11.5,3.0,25.0,6.0,1059.5,1015.4583333333334,822.5,1787.2916666666667,933.0,2.1583333333333328,11.741666666666665,126.34782608695652,98.08695652173913,25.937499999999996,41.970833333333324,1.3132625,1784.9580266530083
2004-06-17,2369.5,17.0,11.5,4.0,25.0,6.0,1048.875,1022.8333333333334,824.0416666666666,1794.9583333333333,1007.7083333333334,2.243478260869565,11.912500000000001,141.0,104.04347826086956,25.29166666666666,42.62499999999999,1.3121125000000002,1793.6876217446013
2004-06-18,2393.5,18.0,11.5,5.0,25.0,6.0,1042.8333333333333,1035.5833333333333,825.2916666666666,1800.1666666666667,961.6666666666666,2.0458333333333334,12.483333333333334,132.0,114.04347826086956,28.23750000000001,38.00416666666666,1.3521041666666669,1801.128501154504
2004-06-19,2417.5,19.0,11.5,6.0,25.0,6.0,968.7142857142857,843.5714285714286,920.8571428571429,1626.857142857143,798.0714285714286,1.2583333333333333,6.9571428571428555,70.30434782608695,77.65217391304348,26.157142857142855,42.90714285714286,1.3863857142857143,1668.284164290495
2004-06-20,2441.5,20.0,11.5,7.0,25.0,6.0,,,,,,1.452173913043478,,64.17391304347827,72.30434782608695,,,,1719.5886014432588
2004-06-21,2465.5,21.0,11.5,1.0,26.0,6.0,950.65,986.55,880.95,1644.15,819.9,1.8083333333333336,10.745000000000001,112.26086956521739,94.17391304347827,25.430000000000007,33.5,0.9912150000000002,1652.2259695616274
2004-06-22,2489.5,22.0,11.5,2.0,26.0,6.0,1023.75,1031.2916666666667,842.8333333333334,1765.7916666666667,1001.6666666666666,2.2,12.658333333333331,170.0,105.30434782608695,25.504166666666666,37.975,1.1623583333333334,1762.613796227329
2004-06-23,2513.5,23.0,11.5,3.0,26.0,6.0,1080.125,1061.125,786.7083333333334,1815.2083333333333,1116.2916666666667,2.4565217391304346,13.329166666666667,177.7391304347826,110.8695652173913,27.22083333333333,36.52083333333332,1.2278416666666667,1811.060001800253
2004-06-24,2537.5,24.0,11.5,4.0,26.0,6.0,1042.125,914.0416666666666,846.2083333333334,1722.0,844.1666666666666,1.7375,8.933333333333332,91.82608695652173,81.08695652173913,27.808333333333334,41.33333333333332,1.4347916666666665,1720.0640982468196
2004-06-25,2561.5,25.0,11.5,5.0,26.0,6.0,1013.0833333333334,986.5,834.0833333333334,1679.9583333333333,933.9583333333334,2.0833333333333335,10.725000000000001,142.1304347826087,105.34782608695652,27.883333333333326,33.699999999999996,1.1600250000000003,1689.3639412819869
2004-06-26,2585.5,26.0,11.5,6.0,26.0,6.0,981.0833333333334,877.1666666666666,913.5833333333334,1567.875,869.875,1.4826086956521736,7.758333333333333,94.43478260869566,87.0,28.09166666666667,32.24583333333333,1.1505791666666667,1562.8952056096898
2004-06-27,2609.5,27.0,11.5,7.0,26.0,6.0,984.2916666666666,858.75,921.3333333333334,1593.8333333333333,847.0416666666666,1.3333333333333333,7.325000000000002,76.47826086956522,83.6086956521739,31.24166666666667,33.670833333333334,1.3508958333333336,1597.7981707027739
2004-06-28,2633.5,28.0,11.5,1.0,27.0,6.0,1098.375,1040.7083333333333,786.5833333333334,1798.0416666666667,1042.25,2.0999999999999996,12.670833333333333,135.91304347826087,111.6086956521739,31.099999999999998,33.2125,1.3867083333333332,1795.5669658598079
2004-06-29,2657.5,29.0,11.5,2.0,27.0,6.0,1164.1666666666667,1082.125,731.2916666666666,1919.3333333333333,1170.1666666666667,2.41304347826087,13.975,146.2173913043478,118.69565217391305,31.116666666666664,37.05833333333333,1.5999875,1915.5012693906474
2004-06-30,2681.5,30.0,11.5,3.0,27.0,6.0,1156.0833333333333,1080.3333333333333,719.6666666666666,1898.4583333333333,1257.7083333333333,2.375,13.604166666666666,162.3913043478261,130.52173913043478,31.60833333333333,38.650000000000006,1.679625,1899.359211675502
2004-07-01,2705.5,1.0,11.5,4.0,27.0,7.0,1130.5833333333333,1038.5416666666667,740.9166666666666,1854.25,1059.625,2.1624999999999996,12.225,139.69565217391303,113.43478260869566,30.450000000000003,39.69166666666666,1.6241083333333333,1855.362547627231
2004-07-02,2729.5,2.0,11.5,5.0,27.0,7.0,1097.875,1022.0416666666666,767.9583333333334,1758.0416666666667,1031.4166666666667,2.07391304347826,11.762500000000001,146.2608695652174,119.91304347826087,30.1875,33.77916666666667,1.3643416666666666,1762.79546210682
2004-07-03,2753.5,3.0,11.5,6.0,27.0,7.0,989.8333333333334,899.75,866.4166666666666,1563.9166666666667,857.25,1.3166666666666669,8.220833333333333,97.47826086956522,90.08695652173913,28.712500000000002,31.89583333333333,1.1293750000000002,1562.8632182821573
2004-07-04,2777.5,4.0,11.5,7.0,27.0,7.0,956.875,810.5833333333334,932.9166666666666,1527.375,752.4166666666666,1.0166666666666666,6.154166666666668,62.78260869565217,67.65217391304348,29.07083333333333,35.591666666666676,1.2523541666666664,1528.8445432092656
2004-07-05,2801.5,5.0,11.5,1.0,28.0,7.0,1057.5416666666667,1011.7916666666666,802.75,1690.75,1047.9166666666667,2.069565217391304,11.816666666666668,154.7391304347826,117.34782608695652,29.5625,31.0125,1.1601625,1689.3606606419098
2004-07-06,2825.5,6.0,11.5,2.0,28.0,7.0,1120.4583333333333,1106.4166666666667,743.6666666666666,1777.8333333333333,1308.2916666666667,2.4999999999999996,14.637500000000003,193.04347826086956,129.8695652173913,30.54166666666666,31.145833333333332,1.2025,1777.2289191852635
2004-07-07,2849.5,7.0,11.5,3.0,28.0,7.0,1167.6666666666667,1128.5416666666667,722.9166666666666,1770.2916666666667,1402.0416666666667,2.454166666666666,15.341666666666669,203.47826086956522,136.04347826086956,32.38750000000001,25.408333333333328,1.1090208333333331,1767.5262733431725
2004-07-08,2873.5,8.0,11.5,4.0,28.0,7.0,1207.7916666666667,1109.625,697.5833333333334,1778.25,1384.1666666666667,2.247826086956522,14.520833333333336,180.69565217391303,129.08695652173913,32.47083333333334,28.208333333333332,1.2855125000000003,1777.06418976227
2004-07-09,2897.5,9.0,11.5,5.0,28.0,7.0,1055.0,990.5,801.5416666666666,1642.4583333333333,901.5416666666666,1.7875000000000003,10.799999999999999,137.52173913043478,120.72727272727273,28.995833333333326,31.216666666666672,1.1824833333333336,1647.1151663978692
2004-07-10,2921.5,10.0,11.5,6.0,28.0,7.0,918.1666666666666,822.1666666666666,942.875,1487.5,636.5833333333334,0.9791666666666665,6.404166666666668,71.0,76.21739130434783,26.620833333333337,35.72916666666667,1.1443083333333337,1488.5270878271951
2004-07-11,2945.5,11.0,11.5,7.0,28.0,7.0,894.1666666666666,768.4583333333334,998.7916666666666,1448.0,627.9583333333334,0.8499999999999998,5.416666666666667,63.73913043478261,66.82608695652173,25.77083333333334,36.0875,1.1136708333333334,1448.241234042821
2004-07-12,2969.5,12.0,11.5,1.0,29.0,7.0,960.9166666666666,907.3333333333334,870.5416666666666,1582.25,868.1666666666666,1.7956521739130438,8.804166666666667,146.52173913043478,90.56521739130434,22.75,40.79583333333333,1.0953666666666668,1585.3978687507367
2004-07-13,2993.5,13.0,11.5,2.0,29.0,7.0,972.0,1022.2916666666666,824.0,1628.0,1062.1666666666667,2.3625,12.25416666666667,192.47826086956522,109.43478260869566,24.8875,34.71666666666666,0.9624999999999999,1625.4397976617313
2004-07-14,3017.5,14.0,11.5,3.0,29.0,7.0,1003.7916666666666,1081.9166666666667,787.2916666666666,1648.2916666666667,1122.9583333333333,2.308333333333333,13.754166666666668,189.82608695652175,122.08695652173913,27.60833333333333,28.466666666666665,0.9359625,1649.8146510544536
2004-07-15,3041.5,15.0,11.5,4.0,29.0,7.0,1033.3333333333333,1040.5833333333333,775.4583333333334,1665.0833333333333,1014.0,2.18695652173913,12.550000000000002,153.8695652173913,123.21739130434783,27.85416666666667,32.591666666666676,1.1326541666666665,1662.8153776846157
2004-07-16,3065.5,16.0,11.5,5.0,29.0,7.0,1034.0416666666667,1034.2083333333333,788.5416666666666,1643.25,1039.0833333333333,2.2083333333333335,12.395833333333334,163.7391304347826,126.56521739130434,28.616666666666664,30.991666666666664,1.1031666666666669,1642.2730246740973
2004-07-17,3089.5,17.0,11.5,6.0,29.0,7.0,1010.9583333333334,917.0833333333334,827.3333333333334,1505.75,962.6666666666666,1.575,8.616666666666665,92.52173913043478,95.65217391304348,29.820833333333336,29.22083333333333,1.0803,1507.18051494247
2004-07-18,3113.5,18.0,11.5,7.0,29.0,7.0,990.7916666666666,805.3333333333334,913.5833333333334,1416.7083333333333,776.0,0.7826086956521741,6.045833333333332,63.30434782608695,72.69565217391305,30.549999999999997,26.904166666666665,1.0428541666666666,1416.797001171001
2004-07-19,3137.5,19.0,11.5,1.0,30.0,7.0,1128.5833333333333,1027.1666666666667,750.125,1660.625,1180.4583333333333,1.3454545454545455,12.129166666666668,144.69565217391303,122.04347826086956,31.129166666666674,28.808333333333334,1.1855166666666663,1659.2604943494227
2004-07-20,3161.5,20.0,11.5,2.0,30.0,7.0,1189.2083333333333,1089.9166666666667,689.4583333333334,1745.7083333333333,1280.4166666666667,,13.979166666666664,151.82608695652175,122.21739130434783,32.225,29.224999999999994,1.2628958333333336,1743.5684463641649
2004-07-21,3185.5,21.0,11.5,3.0,30.0,7.0,1181.2916666666667,1058.2916666666667,705.9166666666666,1731.7916666666667,1197.3333333333333,3.466666666666667,12.966666666666667,127.8695652173913,113.1304347826087,32.362500000000004,30.804166666666664,1.3389541666666667,1730.2049969857253
2004-07-22,3209.5,22.0,11.5,4.0,30.0,7.0,1216.3333333333333,1120.3333333333333,659.4166666666666,1830.5416666666667,1355.0416666666667,2.2863636363636366,14.887500000000003,161.43478260869566,123.65217391304348,32.99583333333334,33.0875,1.4549874999999999,1830.1608007375664
2004-07-23,3233.5,23.0,11.5,5.0,30.0,7.0,1134.7916666666667,1074.5416666666667,688.5833333333334,1780.4583333333333,1220.4166666666667,1.945833333333333,13.229166666666666,132.1304347826087,106.52173913043478,32.55833333333334,31.849999999999994,1.3979541666666666,1782.096923820039
2004-07-24,3257.5,24.0,11.5,6.0,30.0,7.0,1046.8333333333333,858.125,802.9583333333334,1640.5833333333333,868.4166666666666,1.2999999999999998,7.270833333333332,73.26086956521739,70.1304347826087,30.108333333333334,39.87916666666666,1.6297541666666664,1644.1643019766623
2004-07-25,3281.5,25.0,11.5,7.0,30.0,7.0,932.2916666666666,677.2916666666666,1040.25,1514.625,581.3333333333334,0.9086956521739131,3.6458333333333326,48.08695652173913,56.43478260869565,26.758333333333336,49.754166666666656,1.6898833333333332,1514.5061914899925
2004-07-26,3305.5,26.0,11.5,1.0,31.0,7.0,983.0416666666666,876.5833333333334,868.9166666666666,1606.8333333333333,806.5416666666666,1.1666666666666667,7.8625,93.73913043478261,94.26086956521739,30.10833333333333,35.61249999999999,1.4415624999999999,1607.4406621718479
2004-07-27,3329.5,27.0,11.5,2.0,31.0,7.0,921.7916666666666,850.5416666666666,882.1666666666666,1509.8333333333333,758.5,,7.0874999999999995,93.73913043478261,89.52173913043478,28.016666666666666,32.47500000000001,1.1796416666666667,1514.456048328194
2004-07-28,3353.5,28.0,11.5,3.0,31.0,7.0,956.0416666666666,993.6666666666666,813.2916666666666,1550.9583333333333,908.7083333333334,,11.104166666666666,116.77272727272727,105.31818181818181,28.366666666666664,26.450000000000003,0.9354500000000002,1548.5484117209623
2004-07-29,3377.5,29.0,11.5,4.0,31.0,7.0,1019.2083333333334,999.8333333333334,769.4166666666666,1596.125,935.0416666666666,,11.295833333333333,119.78260869565217,109.21739130434783,29.450000000000003,28.30416666666667,1.0829416666666665,1590.3236980631154
2004-07-30,3401.5,30.0,11.5,5.0,31.0,7.0,1086.5833333333333,1034.6666666666667,704.9166666666666,1744.6666666666667,1009.0,,12.116666666666667,116.69565217391305,110.69565217391305,30.025000000000006,37.05416666666666,1.4482458333333332,1745.8391035268685
2004-07-31,3425.5,31.0,11.5,6.0,31.0,7.0,1041.4782608695652,936.304347826087,769.5217391304348,1658.391304347826,867.2608695652174,1.826315789473684,9.230434782608695,96.21739130434783,97.95652173913044,31.099999999999998,38.13478260869565,1.5692086956521742,1657.455989158644
2004-08-01,3449.5,1.0,11.5,7.0,31.0,8.0,974.1666666666666,792.5833333333334,880.0833333333334,1559.0,670.5833333333334,0.9833333333333333,5.808333333333334,51.73913043478261,58.52173913043478,30.65416666666667,42.120833333333344,1.673520833333333,1559.6491716299963
2004-08-02,3473.5,2.0,11.5,1.0,32.0,8.0,1055.2083333333333,930.9166666666666,768.8333333333334,1709.4583333333333,764.0416666666666,1.2826086956521736,9.237499999999999,83.95454545454545,98.63636363636364,30.54583333333333,43.63333333333335,1.7645208333333333,1710.2045020719927
2004-08-03,3497.5,3.0,11.5,2.0,32.0,8.0,1099.2916666666667,958.625,733.5416666666666,1768.3333333333333,899.0416666666666,0.1,10.154166666666667,132.95454545454547,112.81818181818181,30.704166666666662,41.35,1.744575,1766.308273294014
2004-08-04,3521.5,4.0,11.5,3.0,32.0,8.0,1036.5833333333333,902.0416666666666,768.1666666666666,1698.0833333333333,872.1666666666666,,8.504166666666665,91.33333333333333,81.66666666666667,30.575000000000006,42.058333333333344,1.719525,1703.6462569006546
2004-08-05,3545.5,5.0,11.5,4.0,32.0,8.0,1046.1666666666667,869.2916666666666,772.7083333333334,1684.0,899.9583333333334,,7.616666666666666,91.61538461538461,94.23076923076923,26.30416666666667,56.645833333333336,1.8006333333333335,1682.809926008006
2004-08-06,3569.5,6.0,11.5,5.0,32.0,8.0,1079.1666666666667,980.7916666666666,698.375,1803.9166666666667,1104.2916666666667,2.0789473684210527,10.466666666666667,126.56521739130434,89.17391304347827,26.483333333333338,58.0375,1.8899666666666664,1800.2078247769132
2004-08-07,3593.5,7.0,11.5,6.0,32.0,8.0,927.9166666666666,829.4583333333334,838.25,1608.0,773.0833333333334,1.2416666666666667,6.625000000000001,63.04347826086956,68.26086956521739,29.095833333333335,46.362500000000004,1.7155291666666665,1609.0483543917028
2004-08-08,3617.5,8.0,11.5,7.0,32.0,8.0,935.1666666666666,752.4166666666666,904.9166666666666,1576.3333333333333,665.5416666666666,1.075,4.958333333333333,48.43478260869565,55.95652173913044,28.04166666666667,50.14583333333332,1.8238625,1576.3372357267247
2004-08-09,3641.5,9.0,11.5,1.0,33.0,8.0,1019.5,890.35,770.25,1700.15,926.35,1.4869565217391303,8.135,62.91304347826087,60.391304347826086,28.189999999999998,51.03,1.8443349999999998,1686.4898346104055
2004-08-10,3665.5,10.0,11.5,2.0,33.0,8.0,1064.2916666666667,920.25,748.0833333333334,1706.2083333333333,943.375,1.4749999999999999,8.904166666666663,81.1304347826087,65.08695652173913,31.545833333333334,43.88750000000001,1.8547083333333332,1705.1632063318582
2004-08-11,3689.5,11.0,11.5,3.0,33.0,8.0,1058.0,855.4583333333334,778.4583333333334,1700.4166666666667,869.0416666666666,1.2999999999999998,7.120833333333333,67.0,53.08695652173913,31.5,46.00416666666666,1.9978124999999995,1702.353706856934
2004-08-12,3713.5,12.0,11.5,4.0,33.0,8.0,1001.125,834.4583333333334,824.5416666666666,1684.3333333333333,762.2916666666666,1.3086956521739135,6.704166666666666,64.95652173913044,61.08695652173913,30.737499999999997,47.58750000000001,1.9789250000000003,1684.0997090414
2004-08-13,3737.5,13.0,11.5,5.0,33.0,8.0,925.0416666666666,760.4583333333334,936.125,1558.5416666666667,598.75,1.025,5.1499999999999995,57.34782608695652,68.21739130434783,29.808333333333334,44.47083333333333,1.7402291666666663,1562.0076441817512
2004-08-14,3761.5,14.0,11.5,6.0,33.0,8.0,906.0833333333334,722.9166666666666,954.375,1503.0833333333333,609.75,0.8624999999999998,4.3583333333333325,46.391304347826086,54.47826086956522,29.95833333333334,41.800000000000004,1.6433958333333336,1503.2860563379136
2004-08-15,3785.5,15.0,11.5,7.0,33.0,8.0,847.4166666666666,693.25,1033.3333333333333,1406.4166666666667,609.5416666666666,0.7608695652173914,3.8166666666666664,33.608695652173914,46.21739130434783,29.8125,37.76666666666666,1.4144625,1408.8700114523929
2004-08-16,3809.5,16.0,11.5,1.0,34.0,8.0,891.3333333333334,797.625,939.2916666666666,1410.4166666666667,707.0833333333334,1.1,5.999999999999999,71.08695652173913,67.08695652173913,30.075000000000003,30.23333333333333,1.1699749999999998,1410.0405309896141
2004-08-17,3833.5,17.0,11.5,2.0,34.0,8.0,986.25,828.7083333333334,845.6666666666666,1484.4166666666667,811.9166666666666,1.2090909090909092,6.7375,82.7,62.8,30.39166666666667,33.85833333333333,1.3470874999999998,1482.1772416092492
2004-08-18,3857.5,18.0,11.5,3.0,34.0,8.0,998.5416666666666,847.5416666666666,811.2916666666666,1550.9583333333333,801.4583333333334,1.5125000000000002,6.883333333333334,82.375,65.875,29.837499999999995,37.40833333333334,1.5247208333333333,1548.6561326225135
2004-08-19,3881.5,19.0,11.5,4.0,34.0,8.0,998.8333333333334,798.2083333333334,842.7916666666666,1611.25,727.5833333333334,1.0999999999999996,5.9125000000000005,40.8,43.6,32.23333333333333,41.4,1.8804791666666665,1611.5285000336278
2004-08-20,3905.5,20.0,11.5,5.0,34.0,8.0,982.625,786.9166666666666,856.375,1609.8333333333333,687.2083333333334,,5.758333333333333,,,30.616666666666664,45.258333333333326,1.914804166666667,1610.115946559371
2004-08-21,3929.5,21.0,11.5,6.0,34.0,8.0,851.625,712.7083333333334,1015.0833333333334,1383.125,544.0,,4.179166666666667,,,26.79166666666666,37.69583333333334,1.2938458333333334,1386.8660949706157
2004-08-22,3953.5,22.0,11.5,7.0,34.0,8.0,854.7083333333334,757.0833333333334,959.0,1380.5416666666667,689.9583333333334,,4.999999999999999,,,27.54166666666667,38.43333333333334,1.215425,1381.0741887810143
2004-08-23,3977.5,23.0,11.5,1.0,35.0,8.0,893.4166666666666,812.375,888.3333333333334,1412.75,726.375,1.3499999999999999,6.300000000000001,56.92857142857143,65.6923076923077,28.004166666666666,34.825,1.1987166666666667,1414.2853726568408
2004-08-24,4001.5,24.0,11.5,2.0,35.0,8.0,967.9583333333334,853.0416666666666,816.9583333333334,1468.6666666666667,808.2916666666666,1.3791666666666667,7.2124999999999995,91.65217391304348,83.69565217391305,27.987499999999997,35.99166666666666,1.2742833333333334,1462.5528433249258
2004-08-25,4025.5,25.0,11.5,3.0,35.0,8.0,1014.6666666666666,872.4583333333334,768.8333333333334,1595.8333333333333,812.9166666666666,1.5166666666666666,7.720833333333335,89.26086956521739,75.21739130434783,28.612499999999997,42.145833333333336,1.591783333333333,1599.887448289429
2004-08-26,4049.5,26.0,11.5,4.0,35.0,8.0,844.5,674.5,1010.1666666666666,1321.6666666666667,595.3333333333334,1.3565217391304345,3.566666666666667,78.56521739130434,70.43478260869566,23.7,45.29999999999999,1.3099166666666666,1292.5884045056612
2004-08-27,4073.5,27.0,11.5,5.0,35.0,8.0,,,,,,1.6291666666666667,,107.6086956521739,87.43478260869566,,,,1277.6809468799368
2004-08-28,4097.5,28.0,11.5,6.0,35.0,8.0,947.047619047619,822.3809523809524,838.6190476190476,1454.1904761904761,733.5238095238095,0.9571428571428572,6.442857142857143,57.30769230769231,59.92307692307692,27.87619047619047,39.209523809523816,1.3530047619047618,1425.4880749070462
2004-08-29,4121.5,29.0,11.5,7.0,35.0,8.0,987.4166666666666,826.7083333333334,791.0833333333334,1531.125,756.0833333333334,,6.579166666666665,,,27.520833333333332,44.987500000000004,1.5171874999999997,1529.9690760325918
2004-08-30,4145.5,30.0,11.5,1.0,36.0,8.0,1067.1666666666667,973.875,709.8333333333334,1671.7916666666667,905.9166666666666,,10.720833333333333,,,27.079166666666666,46.154166666666676,1.5751000000000002,1675.120186270335
2004-08-31,4169.5,31.0,11.5,2.0,36.0,8.0,1070.3333333333333,980.7916666666666,692.3333333333334,1684.9583333333333,928.9166666666666,2.16,10.7875,195.0,95.22222222222223,27.300000000000008,46.18333333333333,1.5827333333333333,1682.5955413141762
2004-09-01,4193.5,1.0,11.5,3.0,36.0,9.0,1060.5833333333333,1050.25,678.5833333333334,1683.5416666666667,1021.5,2.2375000000000003,12.91666666666667,257.95652173913044,109.34782608695652,27.070833333333336,42.091666666666676,1.3834833333333332,1684.6641110177613
2004-09-02,4217.5,2.0,11.5,4.0,36.0,9.0,1084.1666666666667,1072.75,668.9583333333334,1675.125,1137.2916666666667,1.8399999999999999,13.479166666666666,195.77777777777777,77.55555555555556,28.91666666666666,38.066666666666656,1.3910166666666663,1676.3575514995784
2004-09-03,4241.5,3.0,11.5,5.0,36.0,9.0,1129.6666666666667,1069.4166666666667,658.9583333333334,1689.9583333333333,1213.5833333333333,3.314285714285714,13.550000000000004,,,29.979166666666668,37.23750000000001,1.4423208333333333,1690.641633365308
2004-09-04,4265.5,4.0,11.5,6.0,36.0,9.0,1076.2916666666667,938.3333333333334,716.5416666666666,1511.7916666666667,956.5416666666666,1.7208333333333334,9.158333333333337,,,30.37083333333334,34.645833333333336,1.3665916666666666,1512.5379009637538
2004-09-05,4289.5,5.0,11.5,7.0,36.0,9.0,928.125,762.0416666666666,976.1666666666666,1288.7916666666667,645.8333333333334,1.3041666666666667,5.712500000000001,,,29.204166666666662,27.237499999999997,1.0574291666666666,1292.3589437359244
2004-09-06,4313.5,6.0,11.5,1.0,37.0,9.0,978.5416666666666,794.7083333333334,875.5,1390.9583333333333,731.2083333333334,1.4217391304347828,6.0583333333333345,,,26.633333333333336,36.4125,1.2265041666666665,1390.7193234981269
2004-09-07,4337.5,7.0,11.5,2.0,37.0,9.0,1023.7826086956521,945.7391304347826,768.8260869565217,1473.5652173913043,927.3478260869565,1.8909090909090909,9.71304347826087,193.5,72.66666666666667,27.521739130434778,33.4,1.1535565217391304,1472.049747329693
2004-09-08,4361.5,8.0,11.5,3.0,37.0,9.0,1258.0,1268.2857142857142,884.4285714285714,1453.5714285714287,1462.857142857143,3.328571428571429,19.514285714285712,383.5,159.83333333333334,27.214285714285715,27.371428571428567,0.9562571428571428,1458.66977029997
2004-09-09,4385.5,9.0,11.5,4.0,37.0,9.0,1113.4166666666667,1066.4583333333333,951.5833333333334,1460.3333333333333,1211.5416666666667,2.2375,13.541666666666666,334.4347826086956,136.08695652173913,28.525000000000002,26.550000000000008,0.9646708333333333,1459.2860257726254
2004-09-10,4409.5,10.0,11.5,5.0,37.0,9.0,1080.4583333333333,1009.5,910.8333333333334,1447.125,1020.2083333333334,1.9500000000000002,11.591666666666667,290.9130434782609,124.08695652173913,27.91250000000001,30.6125,1.077275,1448.315111131564
2004-09-11,4433.5,11.0,11.5,6.0,37.0,9.0,1107.75,928.125,880.4166666666666,1427.4583333333333,942.25,1.6,9.1,176.0,101.0,27.208333333333332,35.550000000000004,1.2052791666666667,1423.5825995346322
2004-09-12,4457.5,12.0,11.5,7.0,37.0,9.0,1158.8333333333333,884.3333333333334,837.2083333333334,1570.2083333333333,1017.9166666666666,,8.1875,,,24.654166666666665,55.245833333333316,1.6905624999999997,1563.8726608509278
2004-09-13,4481.5,13.0,11.5,1.0,38.0,9.0,1206.75,1126.7916666666667,731.2083333333334,1775.9166666666667,1260.125,2.9692307692307693,15.516666666666666,438.0,140.0,26.25833333333334,50.00000000000001,1.5848250000000002,1781.5812053405286
2004-09-14,4505.5,14.0,11.5,2.0,38.0,9.0,1148.4583333333333,1016.375,775.875,1716.25,1094.1666666666667,0.75,12.233333333333333,127.0,59.5,25.195833333333336,55.95416666666667,1.71355,1718.7289810433322
2004-09-15,4529.5,15.0,11.5,3.0,38.0,9.0,1205.375,1088.4583333333333,708.25,1846.6666666666667,1213.6666666666667,3.6714285714285713,14.404166666666669,372.57142857142856,118.0,22.84166666666667,67.76666666666665,1.8466791666666669,1842.8620581879456
2004-09-16,4553.5,16.0,11.5,4.0,38.0,9.0,1072.0,1015.5,781.875,1656.9166666666667,1084.9166666666667,2.108333333333333,11.683333333333335,304.6190476190476,89.95238095238095,21.429166666666664,61.10833333333332,1.5255999999999998,1660.2839644136873
2004-09-17,4577.5,17.0,11.5,5.0,38.0,9.0,945.2083333333334,882.9583333333334,980.375,1440.0,830.4166666666666,1.5333333333333334,8.183333333333335,236.47826086956522,86.91304347826087,21.8,48.52916666666666,1.2407291666666664,1443.7323873507314
2004-09-18,4601.5,18.0,11.5,6.0,38.0,9.0,933.6666666666666,814.0833333333334,995.25,1331.875,732.375,1.3695652173913042,6.2749999999999995,180.43478260869566,86.21739130434783,24.025000000000006,38.858333333333334,1.1190083333333334,1327.9648930949706
2004-09-19,4625.5,19.0,11.5,7.0,38.0,9.0,1044.9583333333333,941.5416666666666,824.7916666666666,1492.9166666666667,961.9583333333334,1.9666666666666666,9.541666666666666,215.52173913043478,101.95652173913044,24.829166666666676,43.92083333333334,1.2793333333333334,1492.9362980789626
2004-09-20,4649.5,20.0,11.5,1.0,39.0,9.0,1130.0,1095.3333333333333,747.375,1660.4583333333333,1151.9166666666667,2.691304347826087,14.970833333333331,307.3181818181818,123.13636363636364,25.57083333333333,43.26250000000001,1.3196291666666669,1662.3161715244798
2004-09-21,4673.5,21.0,11.5,2.0,39.0,9.0,1181.875,1124.7083333333333,712.3333333333334,1726.0416666666667,1163.0833333333333,2.983333333333334,16.0,338.0869565217391,131.7826086956522,24.704166666666666,47.61666666666667,1.4230500000000001,1724.252934576193
2004-09-22,4697.5,22.0,11.5,3.0,39.0,9.0,1166.7083333333333,1113.4583333333333,699.4583333333334,1728.0833333333333,1163.5833333333333,2.7583333333333333,15.174999999999999,309.9130434782609,125.56521739130434,24.60416666666666,51.27916666666667,1.4947625,1726.261604952072
2004-09-23,4721.5,23.0,11.5,4.0,39.0,9.0,1159.2916666666667,1075.1666666666667,713.1666666666666,1703.4166666666667,1102.4166666666667,2.4869565217391307,13.745833333333332,256.60869565217394,113.52173913043478,25.495833333333337,50.7875,1.5961458333333332,1704.7855658655428
2004-09-24,4745.5,24.0,11.5,5.0,39.0,9.0,1136.6666666666667,1021.5833333333334,787.125,1652.625,1052.625,2.3875,12.837500000000004,305.7391304347826,100.04347826086956,21.133333333333333,58.612500000000004,1.4395749999999998,1660.4825453031174
2004-09-25,4769.5,25.0,11.5,6.0,39.0,9.0,853.125,751.1666666666666,1127.7083333333333,1183.875,640.2916666666666,1.2416666666666665,5.258333333333334,109.08695652173913,38.04347826086956,17.850000000000005,40.99166666666667,0.8099208333333331,1178.460708294769
2004-09-26,4793.5,26.0,11.5,7.0,39.0,9.0,910.75,821.2916666666666,968.625,1243.25,778.6666666666666,1.543478260869565,6.470833333333332,196.7391304347826,78.52173913043478,18.425,42.45416666666667,0.8547124999999999,1244.1958654206805
2004-09-27,4817.5,27.0,11.5,1.0,40.0,9.0,997.5416666666666,982.9166666666666,813.7916666666666,1392.6666666666667,1013.125,2.15,10.741666666666667,306.5652173913044,108.21739130434783,19.020833333333336,42.44583333333333,0.8822374999999999,1394.59752561953
2004-09-28,4841.5,28.0,11.5,2.0,40.0,9.0,1086.6666666666667,1114.7916666666667,765.25,1511.8333333333333,1335.25,2.8333333333333326,15.658333333333337,386.1304347826087,133.47826086956522,19.891666666666666,42.39166666666666,0.9168,1510.9996915637494
2004-09-29,4865.5,29.0,11.5,3.0,40.0,9.0,1122.875,1092.4166666666667,749.7916666666666,1539.6666666666667,1225.5,2.773913043478261,14.891666666666671,343.2173913043478,131.2608695652174,20.995833333333334,44.05416666666665,1.0338375,1538.8671637252992
2004-09-30,4889.5,30.0,11.5,4.0,40.0,9.0,1267.875,1129.4166666666667,672.75,1657.9166666666667,1298.2916666666667,3.1461538461538465,16.0875,325.0,125.0,21.287500000000005,53.0875,1.328754166666667,1653.5730367189808
2004-10-01,4913.5,1.0,11.5,5.0,40.0,10.0,1315.695652173913,1153.8695652173913,604.4782608695652,1769.9565217391305,1366.8695652173913,2.7,16.208695652173912,352.8235294117647,104.94117647058823,22.07391304347826,60.23478260869564,1.5639739130434784,1775.840626320309
2004-10-02,4937.5,2.0,11.5,6.0,40.0,10.0,1211.0416666666667,983.3333333333334,673.0833333333334,1598.4583333333333,1099.8333333333333,,10.437499999999998,,,22.82083333333333,57.39166666666665,1.5603375,1598.7389058892352
2004-10-03,4961.5,3.0,11.5,7.0,40.0,10.0,1128.25,893.625,750.25,1525.4583333333333,982.0833333333334,,8.270833333333336,,,23.0125,56.40833333333333,1.54145,1525.8855146472488
2004-10-04,4985.5,4.0,11.5,1.0,41.0,10.0,1198.5833333333333,1122.9166666666667,669.5833333333334,1729.2916666666667,1229.875,,15.89583333333333,,,22.175,56.583333333333336,1.4520333333333333,1730.269450603927
2004-10-05,5009.5,5.0,11.5,2.0,41.0,10.0,1267.4166666666667,1189.6666666666667,643.4166666666666,1763.3333333333333,1378.2083333333333,,18.225,,,23.15833333333333,53.550000000000004,1.4494958333333334,1762.1606822008282
2004-10-06,5033.5,6.0,11.5,3.0,41.0,10.0,1295.4166666666667,1151.2916666666667,616.875,1736.4166666666667,1335.1666666666667,,16.575,,,22.779166666666665,55.64583333333334,1.4917375,1735.1821350408966
2004-10-07,5057.5,7.0,11.5,4.0,41.0,10.0,1307.6666666666667,1141.0416666666667,615.5833333333334,1744.3333333333333,1292.25,4.1875,16.187500000000004,373.125,98.375,23.129166666666663,54.570833333333326,1.4954625000000001,1744.4932343538549
2004-10-08,5081.5,8.0,11.5,5.0,41.0,10.0,1287.2916666666667,1144.125,611.1666666666666,1725.7083333333333,1310.1666666666667,2.595833333333333,15.850000000000003,317.1304347826087,80.95652173913044,23.287499999999994,54.93333333333334,1.5154083333333335,1726.0878819509944
2004-10-09,5105.5,9.0,11.5,6.0,41.0,10.0,1340.2916666666667,1101.4166666666667,591.4583333333334,1724.0,1260.2916666666667,2.5250000000000004,14.024999999999997,287.82608695652175,80.78260869565217,24.88333333333333,54.791666666666664,1.6757875,1721.546079537388
2004-10-10,5129.5,10.0,11.5,7.0,41.0,10.0,1112.1666666666667,858.375,762.9583333333334,1547.875,885.0833333333334,1.6173913043478259,7.224999999999999,197.7826086956522,66.73913043478261,22.070833333333336,66.91249999999998,1.7470000000000006,1551.0978355622037
2004-10-11,5153.5,11.0,11.5,1.0,42.0,10.0,1153.5416666666667,1053.625,705.75,1673.2916666666667,1089.1666666666667,2.454166666666666,13.324999999999998,304.0869565217391,71.73913043478261,19.93333333333333,67.12083333333332,1.5403166666666663,1675.3892618029906
2004-10-12,5177.5,12.0,11.5,2.0,42.0,10.0,941.1666666666666,863.3333333333334,859.625,1380.375,827.0,1.2666666666666666,7.570833333333333,199.375,63.0,17.737499999999997,57.20416666666667,1.1514875000000002,1385.7796053180216
2004-10-13,5201.5,13.0,11.5,3.0,42.0,10.0,875.6666666666666,748.9583333333334,1015.5,1231.75,708.0416666666666,1.35,5.25,283.5,75.0,15.375,54.916666666666664,0.9504791666666667,1231.537227164414
2004-10-14,5225.5,14.0,11.5,4.0,42.0,10.0,1005.125,875.2916666666666,872.5833333333334,1400.2083333333333,915.25,,8.333333333333334,,,17.804166666666667,55.783333333333324,1.1168625,1395.9988753375255
2004-10-15,5249.5,15.0,11.5,5.0,42.0,10.0,1112.4583333333333,1039.2916666666667,730.3333333333334,1595.9583333333333,1057.0,,12.837500000000004,,,18.333333333333336,64.6,1.3062708333333337,1597.0610995745
2004-10-16,5273.5,16.0,11.5,6.0,42.0,10.0,982.4166666666666,851.5,859.0833333333334,1352.5416666666667,791.5833333333334,,7.104166666666667,,,17.40833333333333,62.104166666666664,1.1790666666666667,1353.419571259172
2004-10-17,5297.5,17.0,11.5,7.0,42.0,10.0,931.25,810.9583333333334,926.9583333333334,1315.0,692.75,,6.404166666666668,,,17.97083333333333,55.383333333333326,1.0995208333333333,1314.1298213399702
2004-10-18,5321.5,18.0,11.5,1.0,43.0,10.0,1158.7083333333333,1130.0,698.0,1634.75,1204.7916666666667,,16.220833333333335,,,17.345833333333335,60.387499999999996,1.1775333333333333,1632.8930942237719
2004-10-19,5345.5,19.0,11.5,2.0,43.0,10.0,1273.1666666666667,1216.4166666666667,587.6666666666666,1744.25,1383.4583333333333,,18.225,,,18.216666666666665,67.02083333333333,1.3843499999999997,1737.6238082185266
2004-10-20,5369.5,20.0,11.5,3.0,43.0,10.0,1472.3333333333333,1355.1666666666667,495.5833333333333,1959.375,1624.375,5.65,23.166666666666668,630.625,139.75,21.72083333333333,66.21666666666667,1.6928041666666667,1956.5748488565848
2004-10-21,5393.5,21.0,11.5,4.0,43.0,10.0,1337.5833333333333,1213.0,558.6666666666666,1830.7916666666667,1368.7083333333333,3.178260869565218,17.829166666666662,365.3181818181818,96.13636363636364,23.82083333333333,60.47083333333333,1.7434749999999999,1828.3446371622638
2004-10-22,5417.5,22.0,11.5,5.0,43.0,10.0,1300.7083333333333,1189.4583333333333,581.2916666666666,1799.7083333333333,1431.8333333333333,3.1173913043478256,17.575000000000003,330.69565217391306,92.56521739130434,22.529166666666665,61.64583333333332,1.6456625000000003,1809.2737758482335
2004-10-23,5441.5,23.0,11.5,6.0,43.0,10.0,1235.8333333333333,1079.5,620.25,1667.2083333333333,1252.7916666666667,2.573913043478261,13.412500000000003,331.8695652173913,88.6086956521739,21.670833333333334,62.508333333333326,1.5783000000000003,1664.5376523514415
2004-10-24,5465.5,24.0,11.5,7.0,43.0,10.0,1139.9166666666667,972.1666666666666,680.75,1545.5833333333333,1161.75,2.0130434782608697,10.191666666666668,224.8695652173913,73.95652173913044,21.358333333333334,62.800000000000004,1.5509833333333332,1548.99026708979
2004-10-25,5489.5,25.0,11.5,1.0,44.0,10.0,1307.625,1249.5416666666667,563.625,1827.0,1482.2083333333333,3.660869565217392,20.045833333333334,484.5217391304348,95.3913043478261,18.658333333333335,69.75000000000001,1.4794416666666665,1824.787826404871
2004-10-26,5513.5,26.0,11.5,2.0,44.0,10.0,1292.0416666666667,1243.4166666666667,582.4166666666666,1804.9166666666667,1426.625,3.6739130434782603,19.933333333333334,468.5652173913044,109.65217391304348,19.529166666666665,66.2125,1.4673333333333332,1806.9867301254687
2004-10-27,5537.5,27.0,11.5,3.0,44.0,10.0,1141.9166666666667,1052.9583333333333,666.3333333333334,1638.9166666666667,1131.9166666666667,2.38695652173913,12.875000000000005,319.5652173913044,94.30434782608695,18.425,72.33333333333336,1.5125000000000002,1641.274730005427
2004-10-28,5561.5,28.0,11.5,4.0,44.0,10.0,1148.625,1080.7083333333333,675.0833333333334,1610.0416666666667,1175.75,2.673913043478261,14.18333333333333,383.69565217391306,91.8695652173913,18.3875,67.8,1.408008333333333,1611.1802121131504
2004-10-29,5585.5,29.0,11.5,5.0,44.0,10.0,1153.3333333333333,1020.0,710.7083333333334,1613.5833333333333,1041.2916666666667,2.552173913043479,12.241666666666667,331.30434782608694,104.21739130434783,19.45416666666667,73.89166666666667,1.650275,1611.0757730351106
2004-10-30,5609.5,30.0,11.5,6.0,44.0,10.0,1200.5833333333333,1091.6666666666667,635.375,1659.875,1188.0,2.882608695652174,13.787500000000001,393.95652173913044,109.8695652173913,19.562500000000004,71.16666666666664,1.589941666666667,1658.5418827858136
2004-10-31,5633.5,31.0,11.5,7.0,44.0,10.0,1109.9583333333333,938.7916666666666,764.4166666666666,1601.0416666666667,993.7083333333334,2.1739130434782616,9.983333333333333,258.1304347826087,69.1304347826087,20.85833333333333,68.82916666666667,1.6735166666666668,1596.963164866548
2004-11-01,5657.5,1.0,11.5,1.0,45.0,11.0,1243.5,1094.5833333333333,604.4583333333334,1706.1666666666667,1495.625,2.7478260869565223,13.525000000000004,325.17391304347825,74.65217391304348,21.229166666666668,70.09166666666665,1.7422583333333332,1706.69665185567
2004-11-02,5681.5,2.0,11.5,2.0,45.0,11.0,1308.9166666666667,1297.25,596.9166666666666,1893.5416666666667,1430.0,4.330434782608696,22.549999999999997,500.39130434782606,102.21739130434783,20.666666666666664,64.49999999999999,1.5346500000000003,1892.5434251311246
2004-11-03,5705.5,3.0,11.5,3.0,45.0,11.0,1155.6666666666667,1081.6666666666667,654.1666666666666,1618.5833333333333,1169.5833333333333,2.5521739130434784,13.691666666666665,308.17391304347825,81.65217391304348,21.537500000000005,58.012499999999996,1.4421625000000002,1620.3815464148347
2004-11-04,5729.5,4.0,11.5,4.0,45.0,11.0,1281.2916666666667,1210.125,605.1666666666666,1747.5833333333333,1332.2916666666667,2.70625,18.904166666666665,440.4782608695652,101.69565217391305,20.57916666666667,62.004166666666656,1.464395833333333,1746.9023210169387
2004-11-05,5753.5,5.0,11.5,5.0,45.0,11.0,1262.5416666666667,1178.9583333333333,619.0,1682.0416666666667,1313.7916666666667,3.091666666666667,17.92083333333333,405.2608695652174,97.08695652173913,19.34583333333333,62.23333333333335,1.3682583333333334,1687.7609382611708
2004-11-06,5777.5,6.0,11.5,6.0,45.0,11.0,1189.2916666666667,1034.4166666666667,653.9166666666666,1500.7083333333333,1144.5833333333333,2.3291666666666666,12.158333333333331,329.4782608695652,88.65217391304348,18.291666666666668,63.487500000000004,1.3132000000000004,1501.5596430476382
2004-11-07,5801.5,7.0,11.5,7.0,45.0,11.0,876.5416666666666,747.8333333333334,1016.8333333333334,1113.9583333333333,673.0833333333334,1.3347826086956522,5.195833333333334,151.2173913043478,67.65217391304348,15.883333333333331,45.866666666666674,0.8194916666666666,1119.7228953179435
2004-11-08,5825.5,8.0,11.5,1.0,46.0,11.0,906.875,848.2083333333334,988.7916666666666,1155.8333333333333,804.9583333333334,1.72,8.441666666666666,239.33333333333334,93.83333333333333,11.116666666666665,50.62083333333334,0.6623208333333335,1154.925362788961
2004-11-09,5849.5,9.0,11.5,2.0,46.0,11.0,1000.9166666666666,950.125,837.2083333333334,1233.2083333333333,1016.9583333333334,2.5999999999999996,10.375000000000002,,,8.033333333333335,64.7875,0.6867208333333333,1233.6654183216933
2004-11-10,5873.5,10.0,11.5,3.0,46.0,11.0,961.4166666666666,843.25,948.375,1210.9166666666667,836.2916666666666,1.7791666666666668,7.7625,364.05,128.0,8.745833333333334,71.81666666666665,0.8065708333333333,1205.492351146008
2004-11-11,5897.5,11.0,11.5,4.0,46.0,11.0,1134.5,1061.2916666666667,680.4583333333334,1416.0416666666667,1140.0833333333333,2.916666666666666,13.108333333333334,543.1304347826087,155.65217391304347,10.725000000000001,75.7125,0.9764916666666664,1419.7603303520234
2004-11-12,5921.5,12.0,11.5,5.0,46.0,11.0,1009.625,858.2916666666666,840.9583333333334,1310.8333333333333,882.4166666666666,1.9739130434782608,7.829166666666668,280.82608695652175,114.21739130434783,15.2875,61.908333333333324,1.0651874999999997,1309.246031739932
2004-11-13,5945.5,13.0,11.5,6.0,46.0,11.0,1053.4583333333333,869.375,800.25,1303.625,924.2916666666666,1.9458333333333329,7.895833333333332,283.8695652173913,117.34782608695652,17.333333333333332,53.85,1.0489333333333333,1308.4896797522392
2004-11-14,5969.5,14.0,11.5,7.0,46.0,11.0,724.75,524.625,1678.875,875.625,380.0416666666667,0.6124999999999999,1.4166666666666667,94.56521739130434,54.95652173913044,10.35,44.30833333333333,0.5514916666666667,879.396240992501
2004-11-15,5993.5,15.0,11.5,1.0,47.0,11.0,842.125,776.0,1103.0,1010.9166666666666,716.0416666666666,1.6913043478260865,6.258333333333334,265.2173913043478,110.6086956521739,11.9625,35.074999999999996,0.48869166666666647,1007.9256914889664
2004-11-16,6017.5,16.0,11.5,2.0,47.0,11.0,996.8333333333334,926.2083333333334,910.5833333333334,1147.75,1023.9166666666666,2.325,9.937500000000002,425.2173913043478,144.43478260869566,13.312499999999998,36.18749999999999,0.5322791666666666,1145.7630863420366
2004-11-17,6041.5,17.0,11.5,3.0,47.0,11.0,1191.7916666666667,1074.0,731.0,1321.0416666666667,1389.375,3.3739130434782605,14.75416666666667,578.0,173.9090909090909,10.941666666666668,51.69999999999999,0.6634041666666667,1319.2256211242054
2004-11-18,6065.5,18.0,11.5,4.0,47.0,11.0,1226.6666666666667,1098.5833333333333,645.5833333333334,1419.375,1363.7916666666667,3.3750000000000004,14.358333333333334,554.7826086956521,184.56521739130434,12.758333333333335,60.88333333333333,0.8927791666666668,1414.8765700375443
2004-11-19,6089.5,19.0,11.5,5.0,47.0,11.0,1166.0,1014.4166666666666,727.4166666666666,1422.1666666666667,1166.0,3.9208333333333325,12.5875,422.2173913043478,151.43478260869566,15.858333333333333,53.787499999999994,0.9747249999999998,1435.0087908818416
2004-11-20,6113.5,20.0,11.5,6.0,47.0,11.0,904.375,909.3333333333334,946.7916666666666,953.75,1015.9166666666666,1.9434782608695655,8.987499999999999,364.4347826086956,151.69565217391303,10.799999999999999,26.425,0.3234625,949.4708549756803
2004-11-21,6137.5,21.0,11.5,7.0,47.0,11.0,993.9166666666666,857.625,883.9166666666666,992.1666666666666,1147.75,1.0217391304347827,7.266666666666667,309.7826086956522,144.08695652173913,7.650000000000001,42.916666666666664,0.42687499999999995,991.9749038295466
2004-11-22,6161.5,22.0,11.5,1.0,48.0,11.0,1265.9166666666667,1239.8333333333333,644.625,1333.0,1719.7916666666667,2.7363636363636363,20.616666666666664,706.9565217391304,185.65217391304347,6.449999999999999,54.324999999999996,0.5300541666666666,1325.6276507279733
2004-11-23,6185.5,23.0,11.5,2.0,48.0,11.0,1513.2916666666667,1353.1666666666667,512.0416666666666,1731.1666666666667,1795.4583333333333,5.060869565217391,23.841666666666665,847.4347826086956,163.0,10.733333333333334,75.32499999999999,0.9716541666666666,1725.0218869697028
2004-11-24,6209.5,24.0,11.5,3.0,48.0,11.0,1294.7916666666667,1158.9166666666667,592.0416666666666,1518.3333333333333,1458.75,3.483333333333333,16.3,599.2608695652174,126.43478260869566,11.254166666666665,75.32499999999999,0.9964291666666667,1521.4664050941444
2004-11-25,6233.5,25.0,11.5,4.0,48.0,11.0,1177.125,1100.4166666666667,645.9166666666666,1322.0416666666667,1309.5833333333333,2.933333333333333,13.829166666666667,529.5652173913044,127.95652173913044,10.020833333333336,63.458333333333336,0.7452958333333332,1328.6063256197767
2004-11-26,6257.5,26.0,11.5,5.0,48.0,11.0,1439.5833333333333,1268.0,568.9583333333334,1628.9583333333333,1698.125,4.643478260869565,20.479166666666664,760.0,159.7391304347826,12.516666666666667,66.79583333333335,0.9640083333333331,1619.8630455050395
2004-11-27,6281.5,27.0,11.5,6.0,48.0,11.0,1426.125,1157.3333333333333,629.4583333333334,1563.125,1519.2083333333333,3.7458333333333336,15.649999999999999,594.6086956521739,130.7826086956522,13.770833333333334,75.32083333333333,1.180020833333333,1568.0923656067516
2004-11-28,6305.5,28.0,11.5,7.0,48.0,11.0,1090.375,839.5833333333334,834.4583333333334,1237.4583333333333,1025.2916666666667,2.1956521739130435,7.1875,300.2173913043478,94.26086956521739,10.65,72.65833333333335,0.9287041666666668,1237.3701606428665
2004-11-29,6329.5,29.0,11.5,1.0,49.0,11.0,1199.0416666666667,1000.375,813.2916666666666,1401.4166666666667,1233.7916666666667,2.679166666666666,11.629166666666668,406.5217391304348,111.17391304347827,13.770833333333334,67.26666666666667,1.0333666666666668,1405.3872990475022
2004-11-30,6353.5,30.0,11.5,2.0,49.0,11.0,1127.2083333333333,962.25,981.9583333333334,1395.7083333333333,1013.8333333333334,2.6166666666666663,10.895833333333334,329.95652173913044,112.78260869565217,12.987500000000002,71.59583333333333,1.0658499999999997,1394.436911295311
2004-12-01,6377.5,1.0,11.5,3.0,49.0,12.0,1173.375,1050.4583333333333,1490.3333333333333,1448.5416666666667,1196.3333333333333,3.2086956521739127,13.429166666666669,521.0,127.3913043478261,10.891666666666667,76.99999999999999,1.0027958333333336,1447.5422635751693
2004-12-02,6401.5,2.0,11.5,4.0,49.0,12.0,1305.5,1182.5416666666667,886.625,1640.0833333333333,1374.4166666666667,3.775,17.858333333333334,610.1304347826087,123.04347826086956,14.466666666666667,71.2375,1.1634291666666667,1629.820494638058
2004-12-03,6425.5,3.0,11.5,5.0,49.0,12.0,1314.3333333333333,1147.9583333333333,595.125,1643.4583333333333,1349.125,3.5375,16.099999999999998,531.4347826086956,121.65217391304348,15.237500000000002,76.97500000000001,1.3186583333333333,1648.507351402364
2004-12-04,6449.5,4.0,11.5,6.0,49.0,12.0,1133.125,939.2083333333334,705.9583333333334,1371.5833333333333,1039.9166666666667,2.4347826086956523,9.120833333333334,420.60869565217394,100.3913043478261,12.483333333333334,81.10833333333336,1.1709541666666667,1377.0087424992823
2004-12-05,6473.5,5.0,11.5,7.0,49.0,12.0,941.875,707.5416666666666,958.2083333333334,1175.5,774.0416666666666,1.3958333333333333,4.129166666666667,196.69565217391303,81.65217391304348,12.41666666666667,71.875,1.0307750000000002,1179.253029951787
2004-12-06,6497.5,6.0,11.5,1.0,50.0,12.0,1107.3333333333333,982.4166666666666,748.7916666666666,1419.9166666666667,1126.375,2.3875000000000006,11.204166666666667,355.60869565217394,104.6086956521739,15.366666666666669,63.71666666666666,1.0901458333333334,1416.8224320031413
2004-12-07,6521.5,7.0,11.5,2.0,50.0,12.0,1119.2916666666667,984.25,789.4166666666666,1369.7083333333333,1159.9166666666667,2.382608695652174,10.970833333333333,350.17391304347825,102.82608695652173,14.862499999999999,60.487500000000004,1.0074916666666665,1369.1953758172383
2004-12-08,6545.5,8.0,11.5,3.0,50.0,12.0,1092.9166666666667,849.125,840.9583333333334,1258.7916666666667,1010.75,1.8875,7.054166666666666,275.39130434782606,92.1304347826087,14.354166666666666,64.54583333333333,1.0434833333333333,1257.6713274672927
2004-12-09,6569.5,9.0,11.5,4.0,50.0,12.0,934.4166666666666,732.2083333333334,1207.125,1140.125,749.2083333333334,1.4000000000000001,4.883333333333334,209.17391304347825,89.0,14.537500000000001,55.38333333333335,0.9126166666666666,1147.9731260078286
2004-12-10,6593.5,10.0,11.5,5.0,50.0,12.0,875.75,804.0,1452.1666666666667,975.5833333333334,764.4166666666666,1.726086956521739,6.683333333333334,268.9130434782609,103.17391304347827,14.300000000000002,29.641666666666662,0.47138750000000007,978.4576572662241
2004-12-11,6617.5,11.0,11.5,6.0,50.0,12.0,998.0,895.5,859.5833333333334,1024.4583333333333,1031.3333333333333,1.9291666666666665,8.287499999999998,314.6521739130435,120.6086956521739,13.44166666666667,31.162499999999998,0.45884166666666665,1017.2376067516169
2004-12-12,6641.5,12.0,11.5,7.0,50.0,12.0,1159.6666666666667,1008.7083333333334,713.7083333333334,1185.25,1340.75,2.8416666666666663,11.270833333333336,415.7826086956522,131.82608695652175,9.979166666666666,51.633333333333326,0.6170625000000001,1187.434444317527
2004-12-13,6665.5,13.0,11.5,1.0,51.0,12.0,1258.5,1149.5416666666667,768.4166666666666,1358.6666666666667,1560.2083333333333,3.4956521739130437,17.008333333333333,571.4782608695652,152.7826086956522,10.108333333333333,56.787499999999994,0.6927458333333333,1355.793610136235
2004-12-14,6689.5,14.0,11.5,2.0,51.0,12.0,1226.6470588235295,1120.3529411764705,671.1176470588235,1391.5294117647059,1485.4117647058824,3.683333333333333,15.55294117647059,614.1304347826087,152.6086956521739,9.852941176470589,65.49411764705884,0.7834529411764706,1472.7341765946603
2004-12-15,6713.5,15.0,11.5,3.0,51.0,12.0,,,,,,3.0875,,573.8695652173913,133.91304347826087,,,,1705.0926566744067
2004-12-16,6737.5,16.0,11.5,4.0,51.0,12.0,,,,,,4.426086956521739,,786.304347826087,162.95652173913044,,,,1705.0926566744067
2004-12-17,6761.5,17.0,11.5,5.0,51.0,12.0,1218.0,999.0,675.0,1385.5,1141.25,3.4166666666666674,10.925,581.6521739130435,146.52173913043478,12.925,72.9,1.082725,1656.5889126132872
2004-12-18,6785.5,18.0,11.5,6.0,51.0,12.0,967.8333333333334,864.375,952.5416666666666,1061.0416666666667,867.0833333333334,1.7625,7.729166666666667,311.0869565217391,112.0,12.333333333333334,44.89166666666667,0.6207416666666666,1066.7456899288175
2004-12-19,6809.5,19.0,11.5,7.0,51.0,12.0,1086.0,934.0833333333334,808.0,1117.5833333333333,1086.0,2.730434782608696,9.491666666666667,374.82608695652175,129.0,5.2875000000000005,62.745833333333316,0.5617583333333335,1112.269546131462
2004-12-20,6833.5,20.0,11.5,1.0,52.0,12.0,914.4166666666666,753.375,995.25,1015.1666666666666,756.0833333333334,2.358333333333334,5.2333333333333325,225.34782608695653,105.56521739130434,8.70416666666667,53.708333333333336,0.6080416666666667,1023.9378832867992
2004-12-21,6857.5,21.0,11.5,2.0,52.0,12.0,922.5,864.2916666666666,1009.0833333333334,976.4583333333334,878.2083333333334,2.033333333333333,8.266666666666667,339.6521739130435,132.7826086956522,6.6833333333333345,38.654166666666676,0.3802291666666666,973.6071601889697
2004-12-22,6881.5,22.0,11.5,3.0,52.0,12.0,974.2916666666666,870.1666666666666,911.7083333333334,960.7916666666666,988.7083333333334,2.2217391304347824,7.787499999999999,344.1304347826087,134.69565217391303,6.616666666666667,40.775,0.395325,961.7412328013844
2004-12-23,6905.5,23.0,11.5,4.0,52.0,12.0,1223.25,1108.5833333333333,697.0833333333334,1221.2083333333333,1545.625,4.062499999999999,15.387500000000003,596.8260869565217,172.08695652173913,5.729166666666667,49.10416666666666,0.44740833333333335,1212.4274648637977
2004-12-24,6929.5,24.0,11.5,5.0,52.0,12.0,1386.0526315789473,1178.4736842105262,554.6315789473684,1349.0,1955.7368421052631,5.320833333333334,16.342105263157897,587.304347826087,166.52173913043478,7.131578947368421,58.23684210526314,0.5934842105263157,1394.01241035792
2004-12-25,6953.5,25.0,11.5,6.0,52.0,12.0,1439.2083333333333,1081.0416666666667,567.375,1389.1666666666667,1781.7916666666667,3.921739130434782,13.104166666666666,445.04347826086956,147.6086956521739,10.262500000000001,69.89583333333333,0.8747666666666666,1387.6552273943353
2004-12-26,6977.5,26.0,11.5,7.0,52.0,12.0,1079.875,723.7916666666666,919.4166666666666,1216.5,830.375,1.4291666666666665,4.779166666666667,225.52173913043478,104.3913043478261,12.045833333333334,74.80000000000001,1.0445416666666667,1222.202453141798
2004-12-27,7001.5,27.0,11.5,1.0,53.0,12.0,1056.5,783.1666666666666,837.8333333333334,1214.9166666666667,850.9166666666666,1.5666666666666667,5.787499999999999,226.56521739130434,108.3913043478261,12.554166666666669,65.45416666666667,0.9473041666666666,1216.4351968286653
2004-12-28,7025.5,28.0,11.5,2.0,53.0,12.0,1120.6666666666667,922.2916666666666,735.75,1293.5833333333333,1013.4166666666666,1.2,9.450000000000001,165.0,101.0,11.3375,64.54583333333333,0.8551375,1292.8797607251051
2004-12-29,7049.5,29.0,11.5,3.0,53.0,12.0,931.2083333333334,691.625,931.0833333333334,1059.2083333333333,714.1666666666666,,3.875,,,10.308333333333334,59.09583333333333,0.7321874999999998,1064.067015869429
2004-12-30,7073.5,30.0,11.5,4.0,53.0,12.0,877.4166666666666,697.4583333333334,1005.9583333333334,933.3333333333334,657.0833333333334,,4.058333333333334,,,9.791666666666668,40.55833333333334,0.4866875,933.1338020350858
2004-12-31,7097.5,31.0,11.5,5.0,53.0,12.0,900.3333333333334,696.375,1016.1666666666666,915.2083333333334,717.7916666666666,,4.074999999999999,,,9.350000000000001,39.34166666666667,0.45532083333333323,916.4488031886826
2005-01-01,7121.5,1.0,11.5,6.0,53.0,1.0,1114.25,853.7916666666666,782.4583333333334,1032.625,1226.4166666666667,2.1347826086956525,7.1833333333333345,311.1818181818182,128.4090909090909,6.870833333333333,50.79583333333334,0.49897083333333336,1030.1331404517086
2005-01-02,7145.5,2.0,11.5,7.0,53.0,1.0,1093.5238095238096,804.047619047619,807.4761904761905,1063.142857142857,1211.904761904762,2.0458333333333334,6.128571428571428,326.04347826086956,131.82608695652175,6.5809523809523816,59.28095238095237,0.570947619047619,1083.0107852735066
2005-01-03,7169.5,3.0,11.5,1.0,1.0,1.0,,,,,,2.534782608695653,,392.95652173913044,138.8695652173913,,,,1261.0913039888362
2005-01-04,7193.5,4.0,11.5,2.0,1.0,1.0,,,,,,2.4833333333333334,,385.4782608695652,147.1304347826087,,,,1261.0913039888362
2005-01-05,7217.5,5.0,11.5,3.0,1.0,1.0,1342.4782608695652,1084.4782608695652,567.0434782608696,1425.5217391304348,1518.3478260869565,3.016666666666666,13.543478260869563,480.0869565217391,147.91304347826087,11.291304347826086,65.8695652173913,0.8814391304347826,1417.2851560719012
2005-01-06,7241.5,6.0,11.5,4.0,1.0,1.0,1109.2083333333333,811.375,758.7916666666666,1226.5416666666667,963.4583333333334,1.6695652173913047,6.220833333333335,235.95652173913044,117.91304347826087,13.445833333333335,61.07083333333333,0.9321416666666664,1227.0927573715621
2005-01-07,7265.5,7.0,11.5,5.0,1.0,1.0,1192.3333333333333,965.1666666666666,690.5833333333334,1305.625,1197.2083333333333,2.6666666666666665,10.720833333333331,416.2608695652174,126.52173913043478,8.454166666666667,72.05,0.7938999999999999,1303.210854363161
2005-01-08,7289.5,8.0,11.5,6.0,1.0,1.0,1243.9583333333333,988.4583333333334,653.5833333333334,1304.875,1336.5833333333333,2.804166666666666,10.920833333333334,445.95652173913044,141.91304347826087,10.383333333333335,65.74999999999999,0.8240875,1306.6715130285934
2005-01-09,7313.5,9.0,11.5,7.0,1.0,1.0,1122.2083333333333,822.5833333333334,756.625,1257.75,939.5,1.708695652173913,6.8125,231.6086956521739,112.65217391304348,14.437499999999998,58.99583333333334,0.9614458333333333,1257.1831566748958
2005-01-10,7337.5,10.0,11.5,1.0,2.0,1.0,1279.5833333333333,1032.375,607.7083333333334,1482.9166666666667,1295.875,2.127272727272727,12.54166666666667,385.30434782608694,123.73913043478261,13.320833333333331,68.66250000000001,1.0445833333333334,1481.5674541598582
2005-01-11,7361.5,11.0,11.5,2.0,2.0,1.0,1300.0,1072.5,592.4583333333334,1449.5,1392.75,2.8125000000000004,13.779166666666667,432.9130434782609,131.2173913043478,12.779166666666667,64.10416666666667,0.9414125000000002,1445.970938938134
2005-01-12,7385.5,12.0,11.5,3.0,2.0,1.0,1301.9583333333333,1135.7916666666667,556.1666666666666,1489.125,1456.0,3.273913043478261,15.33333333333333,559.0869565217391,148.95652173913044,11.966666666666667,65.6875,0.9053333333333334,1491.45724015437
2005-01-13,7409.5,13.0,11.5,4.0,2.0,1.0,1218.7916666666667,1043.7916666666667,623.7916666666666,1366.625,1308.25,2.6791666666666667,12.495833333333335,435.2173913043478,127.91304347826087,9.991666666666669,69.56666666666666,0.847225,1370.32354417392
2005-01-14,7433.5,14.0,11.5,5.0,2.0,1.0,1234.25,1083.2916666666667,615.7083333333334,1365.25,1339.0416666666667,3.15,13.962499999999999,494.5652173913044,141.3913043478261,8.1,71.72916666666667,0.7729125,1366.5214343879973
2005-01-15,7457.5,15.0,11.5,6.0,2.0,1.0,1153.9166666666667,977.4583333333334,692.0833333333334,1210.5,1260.625,2.682608695652174,10.491666666666667,425.9130434782609,148.7826086956522,6.429166666666666,70.20416666666665,0.6710333333333333,1209.9139042440927
2005-01-16,7481.5,16.0,11.5,7.0,2.0,1.0,951.0416666666666,749.5416666666666,929.3333333333334,948.3333333333334,851.0,1.5291666666666668,4.991666666666666,238.30434782608697,125.52173913043478,7.5249999999999995,47.77916666666666,0.48041666666666666,954.109897444835
2005-01-17,7505.5,17.0,11.5,1.0,3.0,1.0,1121.0416666666667,1008.9583333333334,757.0833333333334,1163.3333333333333,1326.7916666666667,2.8416666666666672,12.695833333333331,463.82608695652175,160.08695652173913,6.666666666666667,46.916666666666664,0.4469125,1160.7227063662033
2005-01-18,7529.5,18.0,11.5,2.0,3.0,1.0,1272.0416666666667,1078.7916666666667,667.3333333333334,1306.375,1494.5833333333333,3.082608695652174,14.633333333333331,616.1304347826087,171.04347826086956,5.2875,66.27499999999999,0.6079666666666667,1302.295122094092
2005-01-19,7553.5,19.0,11.5,3.0,3.0,1.0,966.6666666666666,727.7083333333334,916.25,1072.4583333333333,762.375,0.9833333333333333,4.625,194.0,112.73913043478261,7.816666666666666,64.99583333333332,0.6894999999999999,1077.5459987589727
2005-01-20,7577.5,20.0,11.5,4.0,3.0,1.0,1090.1666666666667,947.375,782.4583333333334,1136.75,1152.7916666666667,2.533333333333333,10.6,409.1304347826087,136.7826086956522,10.075000000000001,44.24583333333333,0.5263416666666667,1135.8013885902913
2005-01-21,7601.5,21.0,11.5,5.0,3.0,1.0,1379.375,1180.9166666666667,560.3333333333334,1406.0416666666667,1756.625,3.069565217391304,17.158333333333335,598.1304347826087,163.2173913043478,9.095833333333333,59.06666666666666,0.6830458333333334,1394.9892132120967
2005-01-22,7625.5,22.0,11.5,6.0,3.0,1.0,1283.25,1105.5416666666667,600.8333333333334,1283.5,1468.9166666666667,1.131818181818182,13.904166666666669,542.3913043478261,184.95652173913044,9.941666666666668,55.85416666666668,0.6523541666666667,1291.5848435573848
2005-01-23,7649.5,23.0,11.5,7.0,3.0,1.0,1044.8333333333333,795.2916666666666,846.125,998.75,1027.7083333333333,0.8,5.8999999999999995,236.2608695652174,142.69565217391303,5.816666666666666,53.88333333333333,0.5014124999999999,1000.8183856160528
2005-01-24,7673.5,24.0,11.5,1.0,4.0,1.0,967.375,762.0,909.1666666666666,977.4583333333334,794.9166666666666,0.9499999999999998,5.420833333333332,204.0909090909091,128.0,7.675000000000002,47.88333333333333,0.49381250000000004,983.5743669811882
2005-01-25,7697.5,25.0,11.5,2.0,4.0,1.0,856.0416666666666,611.375,1164.2916666666667,869.375,527.2916666666666,0.4666666666666666,2.779166666666667,147.43478260869566,97.78260869565217,4.512499999999999,50.97083333333333,0.43231249999999993,868.6325054202915
2005-01-26,7721.5,26.0,11.5,3.0,4.0,1.0,871.0833333333334,636.125,1130.0416666666667,873.0416666666666,567.75,0.5312499999999999,3.241666666666667,162.7391304347826,109.17391304347827,4.208333333333333,49.48333333333333,0.41193333333333326,871.1063204868971
2005-01-27,7745.5,27.0,11.5,4.0,4.0,1.0,912.0,703.375,997.0833333333334,870.9583333333334,691.625,1.3727272727272728,4.345833333333333,195.1304347826087,125.08695652173913,5.270833333333333,39.6125,0.35432916666666675,872.21880230207
2005-01-28,7769.5,28.0,11.5,5.0,4.0,1.0,919.5294117647059,695.5882352941177,979.3529411764706,885.0,688.6470588235294,1.4541666666666666,4.035294117647059,204.65217391304347,137.69565217391303,3.9823529411764715,48.458823529411774,0.39795882352941175,884.8507786895357
2005-01-29,7793.5,29.0,11.5,6.0,4.0,1.0,857.8636363636364,583.6363636363636,1136.1363636363637,807.0454545454545,474.40909090909093,0.9958333333333331,2.1045454545454545,122.82608695652173,90.08695652173913,2.6181818181818177,49.345454545454544,0.3679772727272727,812.543529590955
2005-01-30,7817.5,30.0,11.5,7.0,4.0,1.0,864.8333333333334,573.8333333333334,1136.8333333333333,763.7916666666666,474.5416666666667,0.9782608695652175,1.9666666666666668,131.8695652173913,96.78260869565217,4.85,37.8375,0.3249958333333332,763.7262655574541
2005-01-31,7841.5,31.0,11.5,1.0,5.0,1.0,1084.5416666666667,939.875,842.2916666666666,1001.5,1184.2916666666667,2.6043478260869564,10.970833333333333,413.72727272727275,182.95454545454547,7.283333333333334,31.808333333333326,0.3119541666666667,997.7539825557133
2005-02-01,7865.5,1.0,11.5,2.0,5.0,2.0,1250.1666666666667,1016.5833333333334,644.7916666666666,1184.4166666666667,1559.0833333333333,2.866666666666667,11.987500000000002,502.0,162.95652173913044,6.625000000000001,51.74166666666667,0.5041874999999999,1184.3486545312433
2005-02-02,7889.5,2.0,11.5,3.0,5.0,2.0,1177.25,1024.125,664.0833333333334,1132.2083333333333,1392.875,3.3499999999999996,12.225000000000003,456.7826086956522,162.2173913043478,7.6125,43.93750000000001,0.42635000000000006,1131.7221619887187
2005-02-03,7913.5,3.0,11.5,4.0,5.0,2.0,1243.9166666666667,1027.0416666666667,649.75,1212.2083333333333,1528.5833333333333,2.7130434782608694,12.570833333333335,509.5217391304348,202.6086956521739,7.254166666666669,50.962499999999984,0.5132416666666666,1207.863402047646
2005-02-04,7937.5,4.0,11.5,5.0,5.0,2.0,1091.2083333333333,897.1666666666666,731.375,1081.75,1163.4166666666667,1.8499999999999996,8.470833333333335,345.3478260869565,180.7826086956522,7.466666666666666,50.17916666666667,0.4960291666666667,1086.9370050286745
2005-02-05,7961.5,5.0,11.5,6.0,5.0,2.0,1000.7916666666666,775.0,845.0416666666666,926.8333333333334,923.4583333333334,1.4333333333333336,5.3999999999999995,273.8695652173913,165.7826086956522,5.570833333333333,46.604166666666664,0.4109500000000001,928.3321428857433
2005-02-06,7985.5,6.0,11.5,7.0,5.0,2.0,921.1666666666666,661.4583333333334,987.875,821.75,735.875,1.1956521739130437,3.2875,180.34782608695653,133.2608695652174,5.304166666666667,39.599999999999994,0.3437333333333334,824.0043126688084
2005-02-07,8009.5,7.0,11.5,1.0,6.0,2.0,981.2083333333334,727.25,899.0833333333334,873.25,813.7916666666666,1.395833333333333,4.716666666666668,217.47826086956522,151.2173913043478,7.304166666666666,35.4,0.35299166666666665,872.0331846867044
2005-02-08,8033.5,8.0,11.5,2.0,6.0,2.0,999.4117647058823,726.5294117647059,924.2352941176471,904.2941176470588,822.1176470588235,1.4375,5.005882352941177,242.2608695652174,151.95652173913044,8.764705882352942,36.12352941176471,0.3957764705882353,883.0390451492834
2005-02-09,8057.5,9.0,11.5,3.0,6.0,2.0,,,,,,1.9913043478260868,,241.7826086956522,157.30434782608697,,,,830.3181227650965
2005-02-10,8081.5,10.0,11.5,4.0,6.0,2.0,,,,,,2.9708333333333337,,368.2173913043478,173.7391304347826,,,,830.3181227650965
2005-02-11,8105.5,11.0,11.5,5.0,6.0,2.0,1470.6666666666667,1119.0,510.6666666666667,1315.6666666666667,2043.6666666666667,4.1625,14.133333333333333,607.7826086956521,223.34782608695653,7.966666666666666,54.099999999999994,0.5797333333333333,892.643742034844
2005-02-12,8129.5,12.0,11.5,6.0,6.0,2.0,1480.875,1138.1666666666667,516.25,1368.875,1899.125,3.508695652173913,15.212499999999999,583.304347826087,215.47826086956522,8.316666666666666,59.15,0.6482583333333333,1363.1008636692823
2005-02-13,8153.5,13.0,11.5,7.0,6.0,2.0,1338.9166666666667,952.6666666666666,607.5833333333334,1322.9166666666667,1285.625,2.3333333333333335,9.716666666666667,325.5217391304348,149.56521739130434,12.854166666666664,60.666666666666664,0.8578875,1331.3900623178465
2005-02-14,8177.5,14.0,11.5,1.0,7.0,2.0,1018.375,875.5833333333334,776.7083333333334,1020.7916666666666,937.1666666666666,1.6875000000000002,8.291666666666666,225.6086956521739,137.43478260869566,10.479166666666666,40.69583333333334,0.5037500000000001,1025.5779418092784
2005-02-15,8201.5,15.0,11.5,2.0,7.0,2.0,949.0416666666666,760.5833333333334,936.9583333333334,881.125,766.3333333333334,1.4565217391304348,5.6291666666666655,229.0,133.2173913043478,8.9625,30.212500000000002,0.33683750000000007,879.4112142964905
2005-02-16,8225.5,16.0,11.5,3.0,7.0,2.0,1128.25,926.2083333333334,692.875,1052.3333333333333,1225.75,2.204166666666667,9.141666666666667,373.1304347826087,178.7391304347826,6.491666666666667,42.62499999999999,0.4093333333333333,1050.9884343440856
2005-02-17,8249.5,17.0,11.5,4.0,7.0,2.0,1059.9166666666667,802.4583333333334,794.7083333333334,1000.9166666666666,930.2083333333334,1.7666666666666666,6.225000000000001,260.6521739130435,150.30434782608697,7.491666666666668,44.400000000000006,0.46307500000000007,1003.7373351373905
2005-02-18,8273.5,18.0,11.5,5.0,7.0,2.0,1055.5416666666667,819.2083333333334,812.7916666666666,1012.5,891.0833333333334,1.8739130434782607,6.891666666666667,283.4782608695652,149.65217391304347,8.504166666666666,42.18333333333334,0.4623958333333334,1008.3952353479057
2005-02-19,8297.5,19.0,11.5,6.0,7.0,2.0,1083.4166666666667,809.4583333333334,770.125,997.8333333333334,1114.0833333333333,1.7833333333333334,6.241666666666667,289.04347826086956,171.2173913043478,6.733333333333333,47.69166666666666,0.45477916666666657,998.7127331297406
2005-02-20,8321.5,20.0,11.5,7.0,7.0,2.0,1031.0416666666667,667.0833333333334,891.0,987.0,737.9166666666666,1.1875000000000002,3.429166666666666,151.2608695652174,111.43478260869566,8.304166666666665,54.175000000000004,0.5936166666666667,989.4041660348284
2005-02-21,8345.5,21.0,11.5,1.0,8.0,2.0,1106.4583333333333,820.2083333333334,786.9583333333334,1179.4166666666667,879.75,2.0130434782608697,7.066666666666666,265.7826086956522,160.30434782608697,5.75,74.3,0.6858208333333332,1177.1589192896538
2005-02-22,8369.5,22.0,11.5,2.0,8.0,2.0,1083.4166666666667,842.7916666666666,795.0833333333334,1182.7916666666667,885.6666666666666,1.9958333333333338,7.720833333333332,296.7391304347826,176.52173913043478,5.4125000000000005,75.16249999999998,0.6742750000000001,1184.2875619974159
2005-02-23,8393.5,23.0,11.5,3.0,8.0,2.0,1039.125,792.875,833.5416666666666,1113.0416666666667,871.625,1.7125000000000001,6.245833333333334,278.30434782608694,176.47826086956522,4.320833333333334,78.37916666666668,0.6580625000000001,1110.9570083246683
2005-02-24,8417.5,24.0,11.5,4.0,8.0,2.0,1141.9583333333333,891.0833333333334,724.1666666666666,1220.0416666666667,1110.6666666666667,2.243478260869565,8.6,380.95652173913044,203.0,5.270833333333333,78.72500000000001,0.7039124999999999,1217.6162799864176
2005-02-25,8441.5,25.0,11.5,5.0,8.0,2.0,1129.5416666666667,937.0,697.8333333333334,1212.0416666666667,1099.7916666666667,2.4291666666666667,9.541666666666664,338.3333333333333,162.8095238095238,7.920833333333334,62.69583333333333,0.6468708333333333,1212.7149218907455
2005-02-26,8465.5,26.0,11.5,6.0,8.0,2.0,1001.75,768.25,844.25,999.0833333333334,835.0416666666666,2.3416666666666663,5.304166666666667,226.7391304347826,129.52173913043478,6.604166666666668,56.79583333333333,0.5480625,999.195397802569
2005-02-27,8489.5,27.0,11.5,7.0,8.0,2.0,971.6666666666666,722.0416666666666,896.4166666666666,925.5,763.5416666666666,1.7608695652173916,4.404166666666668,209.69565217391303,127.52173913043478,6.008333333333333,52.10833333333332,0.47575416666666664,932.6046711922062
2005-02-28,8513.5,28.0,11.5,1.0,9.0,2.0,834.25,606.7916666666666,1149.7083333333333,750.0833333333334,445.4166666666667,1.0250000000000001,2.6374999999999997,160.30434782608697,101.26086956521739,2.8874999999999997,42.666666666666664,0.3272291666666666,754.3773173945115
2005-03-01,8537.5,1.0,11.5,2.0,9.0,3.0,820.1666666666666,618.9166666666666,1191.8333333333333,699.0833333333334,482.7083333333333,1.0208333333333335,2.9333333333333336,182.69565217391303,99.43478260869566,1.4333333333333333,35.104166666666664,0.24000416666666669,698.2002249753965
2005-03-02,8561.5,2.0,11.5,3.0,9.0,3.0,970.9166666666666,831.125,904.5833333333334,874.375,981.9583333333334,1.8782608695652172,7.462499999999999,327.17391304347825,149.69565217391303,4.287499999999999,32.0375,0.251825,869.2007977163445
2005-03-03,8585.5,3.0,11.5,4.0,9.0,3.0,1184.2916666666667,884.7083333333334,686.8333333333334,1162.4166666666667,1304.25,2.1666666666666665,8.15,380.95652173913044,159.56521739130434,4.591666666666666,67.45833333333334,0.5775458333333333,1156.2638925618085
2005-03-04,8609.5,4.0,11.5,5.0,9.0,3.0,1214.7916666666667,994.9166666666666,650.4583333333334,1282.3333333333333,1369.75,2.9208333333333325,11.408333333333333,445.39130434782606,170.43478260869566,7.187500000000001,62.19166666666666,0.6202791666666668,1284.948945634568
2005-03-05,8633.5,5.0,11.5,6.0,9.0,3.0,1050.7083333333333,820.0833333333334,780.5416666666666,1053.9166666666667,923.0,1.791304347826087,6.362500000000001,259.7826086956522,152.04347826086956,8.233333333333333,51.93333333333334,0.5436166666666667,1052.2514541635471
2005-03-06,8657.5,6.0,11.5,7.0,9.0,3.0,947.7083333333334,676.5833333333334,992.9583333333334,894.1666666666666,600.7083333333334,1.3333333333333333,3.879166666666666,170.65217391304347,120.43478260869566,8.75,43.88333333333333,0.4782000000000002,900.0875454041587
2005-03-07,8681.5,7.0,11.5,1.0,10.0,3.0,953.9583333333334,739.4166666666666,939.6666666666666,866.7083333333334,722.3333333333334,1.5541666666666665,5.1375,252.1304347826087,146.1304347826087,6.9375,39.204166666666666,0.38221250000000007,866.2789919797782
2005-03-08,8705.5,8.0,11.5,2.0,10.0,3.0,1081.8333333333333,947.375,740.5416666666666,1048.625,1238.75,2.4869565217391307,10.270833333333334,417.04347826086956,177.8695652173913,7.5249999999999995,39.19166666666666,0.36883333333333335,1046.716543671306
2005-03-09,8729.5,9.0,11.5,3.0,10.0,3.0,1227.2916666666667,985.875,648.6666666666666,1236.9166666666667,1425.7916666666667,2.620833333333333,11.325000000000001,414.95652173913044,155.52173913043478,9.345833333333333,49.395833333333336,0.5727916666666667,1232.661242223732
2005-03-10,8753.5,10.0,11.5,4.0,10.0,3.0,1136.9583333333333,947.5833333333334,671.0416666666666,1166.9166666666667,1291.9166666666667,2.35,9.9375,396.54545454545456,150.8181818181818,11.266666666666667,46.46666666666667,0.5438375,1171.9597248503783
2005-03-11,8777.5,11.0,11.5,5.0,10.0,3.0,1170.2608695652175,955.2608695652174,671.1304347826087,1195.1739130434783,1216.8695652173913,1.6826086956521737,10.36521739130435,379.2916666666667,159.45833333333334,11.060869565217391,44.769565217391296,0.5785130434782609,1197.3762342079133
2005-03-12,8801.5,12.0,11.5,6.0,10.0,3.0,1116.625,779.2083333333334,722.9166666666666,1147.2916666666667,792.875,0.74,5.641666666666667,239.125,130.04166666666666,13.08333333333333,52.3125,0.7645916666666667,1148.76193811612
2005-03-13,8825.5,13.0,11.5,7.0,10.0,3.0,1133.875,758.1666666666666,769.0,1149.375,816.7083333333334,0.8666666666666667,5.399999999999999,241.375,124.33333333333333,14.383333333333333,49.92499999999999,0.8071208333333334,1146.9824884506054
2005-03-14,8849.5,14.0,11.5,1.0,11.0,3.0,1236.7916666666667,968.625,620.1666666666666,1343.9166666666667,1245.4166666666667,2.408695652173913,10.800000000000002,361.7083333333333,147.41666666666666,14.254166666666665,52.958333333333336,0.8220333333333332,1342.0160894385674
2005-03-15,8873.5,15.0,11.5,2.0,11.0,3.0,1219.0833333333333,966.7916666666666,649.875,1324.9583333333333,1196.3333333333333,2.4916666666666667,11.216666666666669,364.75,147.16666666666666,15.762499999999998,47.020833333333336,0.7799166666666665,1326.7404503481623
2005-03-16,8897.5,16.0,11.5,3.0,11.0,3.0,1229.9166666666667,1000.875,624.9166666666666,1298.9583333333333,1323.4583333333333,2.5291666666666663,11.85416666666667,387.375,163.16666666666666,16.841666666666665,43.33333333333332,0.7267625000000001,1296.7270254361024
2005-03-17,8921.5,17.0,11.5,4.0,11.0,3.0,1217.9583333333333,969.9583333333334,629.25,1282.3333333333333,1254.3333333333333,2.4956521739130433,10.862500000000002,360.0416666666667,157.29166666666666,17.2625,41.60416666666667,0.7395125,1284.6033823170135
2005-03-18,8945.5,18.0,11.5,5.0,11.0,3.0,1232.4166666666667,1007.2916666666666,603.3333333333334,1318.7916666666667,1257.4583333333333,2.6750000000000003,11.841666666666667,374.9583333333333,166.25,15.683333333333337,45.99166666666665,0.7457625,1317.2511612949731
2005-03-19,8969.5,19.0,11.5,6.0,11.0,3.0,1186.75,851.8333333333334,655.9583333333334,1277.9583333333333,1025.375,1.9124999999999999,7.270833333333333,265.5833333333333,141.54166666666666,14.783333333333333,57.49166666666667,0.9382374999999997,1277.260607964886
2005-03-20,8993.5,20.0,11.5,7.0,11.0,3.0,1110.6666666666667,770.6666666666666,736.0,1203.5,807.625,1.6173913043478259,5.529166666666666,219.16666666666666,113.58333333333333,16.229166666666668,53.50000000000002,0.9499583333333333,1205.4461601859578
2005-03-21,9017.5,21.0,11.5,1.0,12.0,3.0,1226.75,967.9583333333334,617.625,1425.875,1154.5,2.545833333333334,11.029166666666667,318.5416666666667,136.5,16.61666666666667,55.52916666666667,1.0056458333333333,1425.4198398981723
2005-03-22,9041.5,22.0,11.5,2.0,12.0,3.0,1197.9166666666667,958.1666666666666,638.4166666666666,1365.125,1153.9583333333333,2.433333333333333,10.620833333333335,290.9166666666667,123.70833333333333,17.10833333333333,51.50416666666667,0.9460916666666667,1364.354098686475
2005-03-23,9065.5,23.0,11.5,3.0,12.0,3.0,1273.0,1039.9166666666667,581.625,1425.0,1346.7916666666667,2.9478260869565216,13.116666666666667,379.7083333333333,140.79166666666666,18.8125,44.98333333333333,0.9105208333333334,1423.1187366812183
2005-03-24,9089.5,24.0,11.5,4.0,12.0,3.0,1343.4166666666667,1052.25,555.7916666666666,1452.0416666666667,1467.75,2.6750000000000003,13.3375,417.8333333333333,135.875,17.166666666666668,49.56666666666667,0.95155,1448.8130276346849
2005-03-25,9113.5,25.0,11.5,5.0,12.0,3.0,1341.7916666666667,1051.2916666666667,549.0833333333334,1560.4583333333333,1334.7083333333333,2.504166666666667,12.995833333333335,369.7916666666667,137.29166666666666,17.687499999999996,62.758333333333326,1.2323583333333332,1561.059869181898
2005-03-26,9137.5,26.0,11.5,6.0,12.0,3.0,1216.5416666666667,910.5416666666666,590.0416666666666,1407.25,1185.875,1.7478260869565219,8.395833333333332,252.04166666666666,106.54166666666667,18.95416666666667,57.9,1.2262208333333338,1409.9360649243088
2005-03-27,9161.5,27.0,11.5,7.0,12.0,3.0,1106.3333333333333,723.1666666666666,726.0416666666666,1305.0416666666667,884.75,1.3375000000000001,4.316666666666666,184.91666666666666,92.58333333333333,15.612499999999997,72.45,1.2701416666666663,1305.7150453057152
2005-03-28,9185.5,28.0,11.5,1.0,13.0,3.0,1079.6666666666667,745.1666666666666,748.125,1280.75,829.5833333333334,1.5,4.908333333333334,202.70833333333334,103.04166666666667,17.933333333333334,60.76666666666665,1.1860708333333334,1281.7435525245985
2005-03-29,9209.5,29.0,11.5,2.0,13.0,3.0,1163.3333333333333,943.4166666666666,632.0833333333334,1429.9583333333333,1133.3333333333333,2.3391304347826085,10.108333333333334,302.6666666666667,123.0,15.916666666666666,62.537499999999994,1.1164624999999997,1431.1795276493337
2005-03-30,9233.5,30.0,11.5,3.0,13.0,3.0,1106.0,908.7916666666666,665.8333333333334,1328.6666666666667,1067.4166666666667,1.9166666666666667,8.991666666666669,261.2083333333333,122.125,17.433333333333334,54.0375,0.9967625,1327.2578891328526
2005-03-31,9257.5,31.0,11.5,4.0,13.0,3.0,1008.125,749.4166666666666,795.6666666666666,1176.5416666666667,763.8333333333334,1.3875,5.220833333333333,185.08333333333334,100.70833333333333,17.550000000000004,50.083333333333314,0.9519166666666669,1183.1460395021218
2005-04-01,9281.5,1.0,11.5,5.0,13.0,4.0,903.2916666666666,663.0,946.875,943.25,523.9583333333334,1.108695652173913,3.4125,161.83333333333334,107.33333333333333,15.929166666666669,35.9625,0.6365291666666665,946.7798093492041
2005-04-02,9305.5,2.0,11.5,6.0,13.0,4.0,890.9583333333334,616.2916666666666,991.75,864.3333333333334,481.75,0.8541666666666669,2.5291666666666663,142.375,100.16666666666667,15.483333333333336,32.22499999999999,0.5461666666666666,863.1857567447136
2005-04-03,9329.5,3.0,11.5,7.0,13.0,4.0,981.375,714.7083333333334,856.1666666666666,985.1666666666666,717.0833333333334,1.1416666666666666,4.3166666666666655,167.66666666666666,111.125,18.38333333333333,33.69583333333333,0.6175833333333334,979.6294143940331
2005-04-04,9349.0,4.0,7.0,1.0,14.0,4.0,1090.5333333333333,862.2666666666667,745.2666666666667,1195.0666666666666,995.2666666666667,2.0785714285714283,8.440000000000001,263.3333333333333,122.0,16.96,42.786666666666655,0.7247866666666667,1196.1418019077103
